data,cambio
2020-03-27,5.1103
2020-03-26,5.0004
2020-03-25,5.07
2020-03-24,5.0707
2020-03-23,5.0798
2020-03-20,5.0241
2020-03-19,5.1437
2020-03-18,5.1101
2020-03-17,5.0489
2020-03-16,4.9464
2020-03-13,4.7355
2020-03-12,4.8825
2020-03-11,4.6732
2020-03-10,4.6687
2020-03-09,4.7373
2020-03-06,4.6453
2020-03-05,4.6201
2020-03-04,4.5252
2020-03-03,4.4877
2020-03-02,4.494
2020-02-28,4.4981
2020-02-27,4.4758
2020-02-26,4.4353
2020-02-21,4.3918
2020-02-20,4.3867
2020-02-19,4.3722
2020-02-18,4.3465
2020-02-17,4.3151
2020-02-14,4.3157
2020-02-13,4.3383
2020-02-12,4.336
2020-02-11,4.3142
2020-02-10,4.3189
2020-02-07,4.307
2020-02-06,4.2471
2020-02-05,4.2443
2020-02-04,4.2375
2020-02-03,4.2469
2020-01-31,4.2689
2020-01-30,4.2517
2020-01-29,4.2007
2020-01-28,4.2058
2020-01-27,4.219
2020-01-24,4.1763
2020-01-23,4.1656
2020-01-22,4.1883
2020-01-21,4.2008
2020-01-20,4.1823
2020-01-17,4.1831
2020-01-16,4.172
2020-01-15,4.1616
2020-01-14,4.1437
2020-01-13,4.1303
2020-01-10,4.0739
2020-01-09,4.0738
2020-01-08,4.0666
2020-01-07,4.0835
2020-01-06,4.0548
2020-01-03,4.0516
2020-01-02,4.0207
2019-12-31,4.0301
2019-12-30,4.0301
2019-12-27,4.0539
2019-12-26,4.0595
2019-12-24,4.0793
2019-12-23,4.0751
2019-12-20,4.0771
2019-12-19,4.0627
2019-12-18,4.0542
2019-12-17,4.0681
2019-12-16,4.0795
2019-12-13,4.0943
2019-12-12,4.1086
2019-12-11,4.1147
2019-12-10,4.1421
2019-12-09,4.1497
2019-12-06,4.1777
2019-12-05,4.213
2019-12-04,4.192
2019-12-03,4.2002
2019-12-02,4.2255
2019-11-29,4.2234
2019-11-28,4.2474
2019-11-27,4.2596
2019-11-26,4.2553
2019-11-25,4.2083
2019-11-22,4.1826
2019-11-21,4.2006
2019-11-20,4.2027
2019-11-19,4.2078
2019-11-18,4.1821
2019-11-14,4.1825
2019-11-13,4.1761
2019-11-12,4.175
2019-11-11,4.1553
2019-11-08,4.1359
2019-11-07,4.0921
2019-11-06,4.0345
2019-11-05,4.0037
2019-11-04,3.9916
2019-11-01,3.978
2019-10-31,4.0035
2019-10-30,4.018
2019-10-29,3.994
2019-10-28,3.9786
2019-10-25,4.0127
2019-10-24,4.0083
2019-10-23,4.0715
2019-10-22,4.0852
2019-10-21,4.1313
2019-10-18,4.137
2019-10-17,4.1452
2019-10-16,4.1708
2019-10-15,4.1482
2019-10-14,4.1257
2019-10-11,4.1054
2019-10-10,4.1139
2019-10-09,4.0948
2019-10-08,4.0862
2019-10-07,4.0682
2019-10-04,4.0604
2019-10-03,4.1006
2019-10-02,4.154
2019-10-01,4.1734
2019-09-30,4.1638
2019-09-27,4.1581
2019-09-26,4.1463
2019-09-25,4.1821
2019-09-24,4.1715
2019-09-23,4.1728
2019-09-20,4.1681
2019-09-19,4.1387
2019-09-18,4.0966
2019-09-17,4.0992
2019-09-16,4.0866
2019-09-13,4.061
2019-09-12,4.0488
2019-09-11,4.0625
2019-09-10,4.1102
2019-09-09,4.076
2019-09-06,4.0644
2019-09-05,4.0853
2019-09-04,4.1243
2019-09-03,4.1651
2019-09-02,4.1575
2019-08-30,4.1379
2019-08-29,4.1674
2019-08-28,4.1553
2019-08-27,4.1551
2019-08-26,4.1361
2019-08-23,4.0845
2019-08-22,4.0438
2019-08-21,4.0248
2019-08-20,4.0419
2019-08-19,4.0268
2019-08-16,3.9927
2019-08-15,4.0182
2019-08-14,4.0068
2019-08-13,3.973
2019-08-12,3.996
2019-08-09,3.9356
2019-08-08,3.9403
2019-08-07,3.9844
2019-08-06,3.9637
2019-08-05,3.9398
2019-08-02,3.8733
2019-08-01,3.829
2019-07-31,3.7643
2019-07-30,3.7894
2019-07-29,3.7903
2019-07-26,3.7735
2019-07-25,3.7843
2019-07-24,3.759
2019-07-23,3.7615
2019-07-22,3.7394
2019-07-19,3.7402
2019-07-18,3.7483
2019-07-17,3.7612
2019-07-16,3.7618
2019-07-15,3.7457
2019-07-12,3.7446
2019-07-11,3.7527
2019-07-10,3.7691
2019-07-09,3.7846
2019-07-08,3.8059
2019-07-05,3.8198
2019-07-04,3.7934
2019-07-03,3.8469
2019-07-02,3.8558
2019-07-01,3.8187
2019-06-28,3.8316
2019-06-27,3.8636
2019-06-26,3.8435
2019-06-25,3.8297
2019-06-24,3.8228
2019-06-21,3.8249
2019-06-19,3.8717
2019-06-18,3.8602
2019-06-17,3.8889
2019-06-14,3.8807
2019-06-13,3.8423
2019-06-12,3.8431
2019-06-11,3.8658
2019-06-10,3.8784
2019-06-07,3.8565
2019-06-06,3.872
2019-06-05,3.8605
2019-06-04,3.8704
2019-06-03,3.8997
2019-05-31,3.9401
2019-05-30,3.9714
2019-05-29,3.9959
2019-05-28,4.0269
2019-05-27,4.0204
2019-05-24,4.0316
2019-05-23,4.0507
2019-05-22,4.0222
2019-05-21,4.0804
2019-05-20,4.105
2019-05-17,4.0838
2019-05-16,4.0132
2019-05-15,4.0025
2019-05-14,3.9782
2019-05-13,3.9884
2019-05-10,3.9572
2019-05-09,3.9667
2019-05-08,3.9338
2019-05-07,3.9874
2019-05-06,3.9618
2019-05-03,3.9382
2019-05-02,3.9644
2019-04-30,3.9447
2019-04-29,3.9358
2019-04-26,3.9347
2019-04-25,3.9719
2019-04-24,3.9624
2019-04-23,3.943
2019-04-22,3.9224
2019-04-18,3.9364
2019-04-17,3.9219
2019-04-16,3.8907
2019-04-15,3.8724
2019-04-12,3.8679
2019-04-11,3.8393
2019-04-10,3.8339
2019-04-09,3.8557
2019-04-08,3.8652
2019-04-05,3.8616
2019-04-04,3.8707
2019-04-03,3.843
2019-04-02,3.8655
2019-04-01,3.8676
2019-03-29,3.8961
2019-03-28,3.9676
2019-03-27,3.9383
2019-03-26,3.864
2019-03-25,3.8764
2019-03-22,3.8809
2019-03-21,3.7961
2019-03-20,3.7891
2019-03-19,3.7756
2019-03-18,3.8105
2019-03-15,3.8338
2019-03-14,3.8321
2019-03-13,3.8259
2019-03-12,3.8123
2019-03-11,3.8455
2019-03-08,3.8672
2019-03-07,3.8481
2019-03-06,3.8297
2019-03-01,3.7826
2019-02-28,3.7379
2019-02-27,3.7345
2019-02-26,3.7589
2019-02-25,3.7279
2019-02-22,3.7424
2019-02-21,3.7589
2019-02-20,3.7094
2019-02-19,3.72
2019-02-18,3.731
2019-02-15,3.7149
2019-02-14,3.775
2019-02-13,3.7271
2019-02-12,3.729
2019-02-11,3.7385
2019-02-08,3.7178
2019-02-07,3.7187
2019-02-06,3.7013
2019-02-05,3.6735
2019-02-04,3.675
2019-02-01,3.6688
2019-01-31,3.6513
2019-01-30,3.7145
2019-01-29,3.7364
2019-01-28,3.767
2019-01-25,3.7613
2019-01-24,3.7809
2019-01-23,3.7988
2019-01-22,3.7609
2019-01-21,3.7699
2019-01-18,3.748
2019-01-17,3.7585
2019-01-16,3.7191
2019-01-15,3.7043
2019-01-14,3.7255
2019-01-11,3.7135
2019-01-10,3.6863
2019-01-09,3.6925
2019-01-08,3.7202
2019-01-07,3.7056
2019-01-04,3.7621
2019-01-03,3.7677
2019-01-02,3.8589
2018-12-31,3.8742
2018-12-28,3.8742
2018-12-27,3.9324
2018-12-26,3.9252
2018-12-24,3.8839
2018-12-21,3.8665
2018-12-20,3.8437
2018-12-19,3.8901
2018-12-18,3.8991
2018-12-17,3.9115
2018-12-14,3.9084
2018-12-13,3.8784
2018-12-12,3.8623
2018-12-11,3.9007
2018-12-10,3.9104
2018-12-07,3.8958
2018-12-06,3.9172
2018-12-05,3.8555
2018-12-04,3.8307
2018-12-03,3.8279
2018-11-30,3.8627
2018-11-29,3.8562
2018-11-28,3.8625
2018-11-27,3.8919
2018-11-26,3.8649
2018-11-23,3.8075
2018-11-22,3.8097
2018-11-21,3.7866
2018-11-20,3.7574
2018-11-19,3.7547
2018-11-16,3.7519
2018-11-14,3.7918
2018-11-13,3.7786
2018-11-12,3.7472
2018-11-09,3.75
2018-11-08,3.7385
2018-11-07,3.7586
2018-11-06,3.7486
2018-11-05,3.7042
2018-11-01,3.6968
2018-10-31,3.7171
2018-10-30,3.7013
2018-10-29,3.6362
2018-10-26,3.6746
2018-10-25,3.7008
2018-10-24,3.7054
2018-10-23,3.7074
2018-10-22,3.6897
2018-10-19,3.7073
2018-10-18,3.6957
2018-10-17,3.7002
2018-10-16,3.7073
2018-10-15,3.7326
2018-10-11,3.7454
2018-10-10,3.7504
2018-10-09,3.7385
2018-10-08,3.7582
2018-10-05,3.8693
2018-10-04,3.9041
2018-10-03,3.8536
2018-10-02,3.9499
2018-10-01,4.0267
2018-09-28,4.0033
2018-09-27,4.0086
2018-09-26,4.0564
2018-09-25,4.128
2018-09-24,4.0588
2018-09-21,4.0722
2018-09-20,4.0991
2018-09-19,4.1345
2018-09-18,4.1363
2018-09-17,4.1689
2018-09-14,4.1873
2018-09-13,4.1631
2018-09-12,4.1253
2018-09-11,4.1635
2018-09-10,4.1001
2018-09-06,4.1454
2018-09-05,4.1603
2018-09-04,4.1646
2018-09-03,4.1273
2018-08-31,4.1347
2018-08-30,4.1806
2018-08-29,4.1347
2018-08-28,4.1186
2018-08-27,4.0681
2018-08-24,4.0848
2018-08-23,4.0721
2018-08-22,4.0734
2018-08-21,3.9867
2018-08-20,3.9424
2018-08-17,3.9383
2018-08-16,3.8804
2018-08-15,3.9128
2018-08-14,3.8806
2018-08-13,3.8982
2018-08-10,3.8466
2018-08-09,3.8024
2018-08-08,3.7513
2018-08-07,3.7112
2018-08-06,3.7208
2018-08-03,3.7195
2018-08-02,3.7639
2018-08-01,3.7485
2018-07-31,3.7543
2018-07-30,3.7149
2018-07-27,3.7158
2018-07-26,3.7237
2018-07-25,3.7114
2018-07-24,3.7453
2018-07-23,3.7909
2018-07-20,3.7787
2018-07-19,3.8841
2018-07-18,3.8468
2018-07-17,3.8665
2018-07-16,3.8573
2018-07-13,3.8739
2018-07-12,3.8558
2018-07-11,3.8411
2018-07-10,3.8446
2018-07-09,3.868
2018-07-06,3.9258
2018-07-05,3.9186
2018-07-04,3.9052
2018-07-03,3.8914
2018-07-02,3.9049
2018-06-29,3.8552
2018-06-28,3.8515
2018-06-27,3.8352
2018-06-26,3.7715
2018-06-25,3.7754
2018-06-22,3.7657
2018-06-21,3.7888
2018-06-20,3.7329
2018-06-19,3.756
2018-06-18,3.7537
2018-06-15,3.7732
2018-06-14,3.7051
2018-06-13,3.7048
2018-06-12,3.7038
2018-06-11,3.6907
2018-06-08,3.7853
2018-06-07,3.8994
2018-06-06,3.8187
2018-06-05,3.7746
2018-06-04,3.7418
2018-06-01,3.7407
2018-05-30,3.7364
2018-05-29,3.7283
2018-05-28,3.7086
2018-05-25,3.6581
2018-05-24,3.643
2018-05-23,3.6501
2018-05-22,3.6496
2018-05-21,3.7066
2018-05-18,3.7497
2018-05-17,3.6868
2018-05-16,3.6797
2018-05-15,3.6747
2018-05-14,3.6091
2018-05-11,3.571
2018-05-10,3.5561
2018-05-09,3.5937
2018-05-08,3.5782
2018-05-07,3.5452
2018-05-04,3.5302
2018-05-03,3.5478
2018-05-02,3.5418
2018-04-30,3.4805
2018-04-27,3.467
2018-04-26,3.4971
2018-04-25,3.5034
2018-04-24,3.4661
2018-04-23,3.4415
2018-04-20,3.4096
2018-04-19,3.3971
2018-04-18,3.3838
2018-04-17,3.4035
2018-04-16,3.4257
2018-04-13,3.4099
2018-04-12,3.3852
2018-04-11,3.4046
2018-04-10,3.4189
2018-04-09,3.3897
2018-04-06,3.366
2018-04-05,3.319
2018-04-04,3.3532
2018-04-03,3.3133
2018-04-02,3.3098
2018-03-29,3.3232
2018-03-28,3.3374
2018-03-27,3.325
2018-03-26,3.3028
2018-03-23,3.3035
2018-03-22,3.3027
2018-03-21,3.2915
2018-03-20,3.2975
2018-03-19,3.2905
2018-03-16,3.2899
2018-03-15,3.2853
2018-03-14,3.2578
2018-03-13,3.2486
2018-03-12,3.26
2018-03-09,3.249
2018-03-08,3.2512
2018-03-07,3.2312
2018-03-06,3.224
2018-03-05,3.2576
2018-03-02,3.2608
2018-03-01,3.2614
2018-02-28,3.2443
2018-02-27,3.2377
2018-02-26,3.2345
2018-02-23,3.2411
2018-02-22,3.2592
2018-02-21,3.2549
2018-02-20,3.2501
2018-02-19,3.2341
2018-02-16,3.2375
2018-02-15,3.2202
2018-02-14,3.2531
2018-02-09,3.2815
2018-02-08,3.2686
2018-02-07,3.2461
2018-02-06,3.2607
2018-02-05,3.2349
2018-02-02,3.2054
2018-02-01,3.1724
2018-01-31,3.1618
2018-01-30,3.1655
2018-01-29,3.1648
2018-01-26,3.1444
2018-01-25,3.138
2018-01-24,3.1964
2018-01-23,3.2243
2018-01-22,3.1928
2018-01-19,3.2081
2018-01-18,3.2123
2018-01-17,3.2318
2018-01-16,3.2213
2018-01-15,3.1957
2018-01-12,3.2192
2018-01-11,3.2295
2018-01-10,3.2461
2018-01-09,3.2391
2018-01-08,3.2351
2018-01-05,3.2403
2018-01-04,3.2312
2018-01-03,3.2529
2018-01-02,3.2691
2017-12-29,3.3074
2017-12-28,3.3074
2017-12-27,3.3024
2017-12-26,3.3194
2017-12-22,3.3203
2017-12-21,3.3039
2017-12-20,3.2903
2017-12-19,3.2877
2017-12-18,3.2875
2017-12-15,3.3176
2017-12-14,3.3326
2017-12-13,3.303
2017-12-12,3.3143
2017-12-11,3.2839
2017-12-08,3.2805
2017-12-07,3.2886
2017-12-06,3.2348
2017-12-05,3.2316
2017-12-04,3.25
2017-12-01,3.263
2017-11-30,3.261
2017-11-29,3.213
2017-11-28,3.2226
2017-11-27,3.2212
2017-11-24,3.2294
2017-11-23,3.2365
2017-11-22,3.2555
2017-11-21,3.2585
2017-11-20,3.2608
2017-11-17,3.2782
2017-11-16,3.2802
2017-11-14,3.2828
2017-11-13,3.2867
2017-11-10,3.2655
2017-11-09,3.2509
2017-11-08,3.2503
2017-11-07,3.2727
2017-11-06,3.2845
2017-11-03,3.2914
2017-11-01,3.273
2017-10-31,3.2763
2017-10-30,3.2541
2017-10-27,3.2795
2017-10-26,3.2438
2017-10-25,3.2381
2017-10-24,3.2464
2017-10-23,3.1997
2017-10-20,3.1827
2017-10-19,3.1727
2017-10-18,3.1667
2017-10-17,3.1763
2017-10-16,3.1601
2017-10-13,3.1567
2017-10-11,3.1633
2017-10-10,3.1682
2017-10-09,3.1764
2017-10-06,3.1642
2017-10-05,3.1341
2017-10-04,3.1309
2017-10-03,3.1496
2017-10-02,3.1636
2017-09-29,3.1674
2017-09-28,3.1865
2017-09-27,3.1926
2017-09-26,3.1668
2017-09-25,3.1406
2017-09-22,3.1279
2017-09-21,3.1341
2017-09-20,3.1275
2017-09-19,3.1317
2017-09-18,3.1233
2017-09-15,3.1249
2017-09-14,3.1348
2017-09-13,3.1337
2017-09-12,3.1138
2017-09-11,3.0846
2017-09-08,3.0902
2017-09-06,3.1127
2017-09-05,3.1197
2017-09-04,3.1383
2017-09-01,3.1327
2017-08-31,3.1465
2017-08-30,3.1632
2017-08-29,3.1689
2017-08-28,3.1557
2017-08-25,3.1456
2017-08-24,3.1398
2017-08-23,3.1563
2017-08-22,3.1533
2017-08-21,3.1437
2017-08-18,3.1648
2017-08-17,3.1597
2017-08-16,3.1664
2017-08-15,3.197
2017-08-14,3.1882
2017-08-11,3.1689
2017-08-10,3.1537
2017-08-09,3.1458
2017-08-08,3.1314
2017-08-07,3.1261
2017-08-04,3.1218
2017-08-03,3.1188
2017-08-02,3.1262
2017-08-01,3.1154
2017-07-31,3.1301
2017-07-28,3.1451
2017-07-27,3.1507
2017-07-26,3.1651
2017-07-25,3.155
2017-07-24,3.1453
2017-07-21,3.125
2017-07-20,3.1396
2017-07-19,3.1527
2017-07-18,3.1662
2017-07-17,3.1815
2017-07-14,3.1893
2017-07-13,3.2102
2017-07-12,3.2258
2017-07-11,3.2516
2017-07-10,3.2644
2017-07-07,3.2889
2017-07-06,3.3058
2017-07-05,3.3187
2017-07-04,3.3044
2017-07-03,3.3009
2017-06-30,3.3076
2017-06-29,3.2946
2017-06-28,3.3024
2017-06-27,3.3166
2017-06-26,3.3122
2017-06-23,3.3336
2017-06-22,3.3356
2017-06-21,3.3241
2017-06-20,3.3139
2017-06-19,3.2969
2017-06-16,3.2886
2017-06-14,3.283
2017-06-13,3.3202
2017-06-12,3.298
2017-06-09,3.2734
2017-06-08,3.2832
2017-06-07,3.2741
2017-06-06,3.2811
2017-06-05,3.2814
2017-06-02,3.2395
2017-06-01,3.2301
2017-05-31,3.2431
2017-05-30,3.2653
2017-05-29,3.2703
2017-05-26,3.2608
2017-05-25,3.2818
2017-05-24,3.2623
2017-05-23,3.2648
2017-05-22,3.2857
2017-05-19,3.2872
2017-05-18,3.3756
2017-05-17,3.107
2017-05-16,3.0918
2017-05-15,3.1005
2017-05-12,3.1284
2017-05-11,3.1553
2017-05-10,3.16
2017-05-09,3.1851
2017-05-08,3.1932
2017-05-05,3.1758
2017-05-04,3.1774
2017-05-03,3.1483
2017-05-02,3.1718
2017-04-28,3.1978
2017-04-27,3.1757
2017-04-26,3.1841
2017-04-25,3.1571
2017-04-24,3.1245
2017-04-20,3.1447
2017-04-19,3.1288
2017-04-18,3.0952
2017-04-17,3.103
2017-04-13,3.1263
2017-04-12,3.1457
2017-04-11,3.1418
2017-04-10,3.1403
2017-04-07,3.1296
2017-04-06,3.1154
2017-04-05,3.0917
2017-04-04,3.1225
2017-04-03,3.1161
2017-03-31,3.1678
2017-03-30,3.1241
2017-03-29,3.1223
2017-03-28,3.1297
2017-03-27,3.125
2017-03-24,3.1276
2017-03-23,3.1242
2017-03-22,3.0933
2017-03-21,3.0759
2017-03-20,3.0892
2017-03-17,3.1069
2017-03-16,3.1074
2017-03-15,3.1623
2017-03-14,3.1633
2017-03-13,3.1535
2017-03-10,3.1617
2017-03-09,3.1729
2017-03-08,3.1471
2017-03-07,3.1179
2017-03-06,3.1105
2017-03-03,3.1358
2017-03-02,3.1132
2017-03-01,3.097
2017-02-24,3.0987
2017-02-23,3.0632
2017-02-22,3.0818
2017-02-21,3.0964
2017-02-20,3.0912
2017-02-17,3.0944
2017-02-16,3.0504
2017-02-15,3.0773
2017-02-14,3.0998
2017-02-13,3.1169
2017-02-10,3.1149
2017-02-09,3.1179
2017-02-08,3.1248
2017-02-07,3.1298
2017-02-06,3.1173
2017-02-03,3.1235
2017-02-02,3.119
2017-02-01,3.1473
2017-01-31,3.1264
2017-01-30,3.131
2017-01-27,3.159
2017-01-26,3.1798
2017-01-25,3.1679
2017-01-24,3.1643
2017-01-23,3.1603
2017-01-20,3.1912
2017-01-19,3.2107
2017-01-18,3.2205
2017-01-17,3.2094
2017-01-16,3.2228
2017-01-13,3.2028
2017-01-12,3.1655
2017-01-11,3.2148
2017-01-10,3.1912
2017-01-09,3.2091
2017-01-06,3.2051
2017-01-05,3.2123
2017-01-04,3.2327
2017-01-03,3.2626
2017-01-02,3.2723
2016-12-30,3.2585
2016-12-29,3.2585
2016-12-28,3.2768
2016-12-27,3.277
2016-12-26,3.2695
2016-12-23,3.269
2016-12-22,3.3296
2016-12-21,3.3291
2016-12-20,3.358
2016-12-19,3.3772
2016-12-16,3.3706
2016-12-15,3.3824
2016-12-14,3.3097
2016-12-13,3.3334
2016-12-12,3.3691
2016-12-09,3.3852
2016-12-08,3.4002
2016-12-07,3.3889
2016-12-06,3.4348
2016-12-05,3.4592
2016-12-02,3.4644
2016-12-01,3.4356
2016-11-30,3.3961
2016-11-29,3.4054
2016-11-28,3.399
2016-11-25,3.4273
2016-11-24,3.3981
2016-11-23,3.3921
2016-11-22,3.347
2016-11-21,3.3511
2016-11-18,3.3911
2016-11-17,3.4046
2016-11-16,3.4177
2016-11-14,3.444
2016-11-11,3.4371
2016-11-10,3.3098
2016-11-09,3.2252
2016-11-08,3.2018
2016-11-07,3.2018
2016-11-04,3.2443
2016-11-03,3.2304
2016-11-01,3.2047
2016-10-31,3.1805
2016-10-28,3.1809
2016-10-27,3.1423
2016-10-26,3.1213
2016-10-25,3.1187
2016-10-24,3.1305
2016-10-21,3.1587
2016-10-20,3.1599
2016-10-19,3.1794
2016-10-18,3.1868
2016-10-17,3.1957
2016-10-14,3.1858
2016-10-13,3.2081
2016-10-11,3.213
2016-10-10,3.2119
2016-10-07,3.2128
2016-10-06,3.2304
2016-10-05,3.2353
2016-10-04,3.2197
2016-10-03,3.2332
2016-09-30,3.2456
2016-09-29,3.2229
2016-09-28,3.247
2016-09-27,3.2352
2016-09-26,3.2394
2016-09-23,3.2236
2016-09-22,3.2009
2016-09-21,3.2402
2016-09-20,3.2534
2016-09-19,3.263
2016-09-16,3.2998
2016-09-15,3.332
2016-09-14,3.3256
2016-09-13,3.2966
2016-09-12,3.2848
2016-09-09,3.2632
2016-09-08,3.1928
2016-09-06,3.2446
2016-09-05,3.2715
2016-09-02,3.2425
2016-09-01,3.2466
2016-08-31,3.2397
2016-08-30,3.2519
2016-08-29,3.2607
2016-08-26,3.2147
2016-08-25,3.2313
2016-08-24,3.2366
2016-08-23,3.2047
2016-08-22,3.2157
2016-08-19,3.2261
2016-08-18,3.2209
2016-08-17,3.2242
2016-08-16,3.1743
2016-08-15,3.1666
2016-08-12,3.1596
2016-08-11,3.1358
2016-08-10,3.1296
2016-08-09,3.1497
2016-08-08,3.1765
2016-08-05,3.1853
2016-08-04,3.2177
2016-08-03,3.2727
2016-08-02,3.2484
2016-08-01,3.2656
2016-07-29,3.2384
2016-07-26,3.2784
2016-07-25,3.2813
2016-07-22,3.2848
2016-07-21,3.2579
2016-07-20,3.2506
2016-07-19,3.2795
2016-07-18,3.2628
2016-07-15,3.265
2016-07-14,3.2305
2016-07-13,3.289
2016-07-12,3.2744
2016-07-11,3.3025
2016-07-08,3.2962
2016-07-07,3.3382
2016-07-06,3.3236
2016-07-05,3.2898
2016-07-04,3.2474
2016-07-01,3.2292
2016-06-30,3.2092
2016-06-29,3.2429
2016-06-28,3.3261
2016-06-27,3.3928
2016-06-24,3.3766
2016-06-23,3.3527
2016-06-22,3.3877
2016-06-21,3.3891
2016-06-20,3.3829
2016-06-17,3.4366
2016-06-16,3.4898
2016-06-15,3.4762
2016-06-14,3.4833
2016-06-13,3.4527
2016-06-10,3.4255
2016-06-09,3.3811
2016-06-08,3.3892
2016-06-07,3.4739
2016-06-06,3.5092
2016-06-03,3.5403
2016-06-02,3.5955
2016-06-01,3.612
2016-05-31,3.5945
2016-05-30,3.5991
2016-05-27,3.6162
2016-05-25,3.5798
2016-05-24,3.5485
2016-05-23,3.5654
2016-05-20,3.5413
2016-05-19,3.5997
2016-05-18,3.5362
2016-05-17,3.5031
2016-05-16,3.5029
2016-05-13,3.5035
2016-05-12,3.4871
2016-05-11,3.4639
2016-05-10,3.4766
2016-05-09,3.538
2016-05-06,3.5356
2016-05-05,3.529
2016-05-04,3.5391
2016-05-03,3.5544
2016-05-02,3.4985
2016-04-29,3.4502
2016-04-28,3.4986
2016-04-27,3.5289
2016-04-26,3.5294
2016-04-25,3.5466
2016-04-22,3.5823
2016-04-20,3.5497
2016-04-19,3.5532
2016-04-18,3.5898
2016-04-15,3.527
2016-04-14,3.512
2016-04-13,3.5423
2016-04-12,3.54
2016-04-11,3.5278
2016-04-08,3.6379
2016-04-07,3.6915
2016-04-06,3.6743
2016-04-05,3.6575
2016-04-04,3.5865
2016-04-01,3.5793
2016-03-31,3.5583
2016-03-30,3.611
2016-03-29,3.6681
2016-03-28,3.6401
2016-03-24,3.6942
2016-03-23,3.6525
2016-03-22,3.6067
2016-03-21,3.6223
2016-03-18,3.614
2016-03-17,3.6439
2016-03-16,3.8073
2016-03-15,3.711
2016-03-14,3.6232
2016-03-11,3.6265
2016-03-10,3.6694
2016-03-09,3.7031
2016-03-08,3.7807
2016-03-07,3.7708
2016-03-04,3.7182
2016-03-03,3.8498
2016-03-02,3.911
2016-03-01,3.9907
2016-02-29,3.979
2016-02-26,3.9571
2016-02-25,3.9394
2016-02-24,3.9894
2016-02-23,3.9678
2016-02-22,3.9612
2016-02-19,4.0486
2016-02-18,4.0084
2016-02-17,4.0312
2016-02-16,4.0207
2016-02-15,3.9879
2016-02-12,3.9884
2016-02-11,3.9636
2016-02-10,3.9406
2016-02-05,3.8969
2016-02-04,3.8646
2016-02-03,3.9552
2016-02-02,3.9913
2016-02-01,3.9979
2016-01-29,4.0422
2016-01-28,4.0832
2016-01-27,4.0441
2016-01-26,4.0961
2016-01-25,4.0991
2016-01-22,4.1226
2016-01-21,4.1552
2016-01-20,4.0855
2016-01-19,4.0297
2016-01-18,4.0358
2016-01-15,4.0396
2016-01-14,4.0217
2016-01-13,3.9857
2016-01-12,4.0293
2016-01-11,4.0147
2016-01-08,4.0244
2016-01-07,4.0469
2016-01-06,4.0297
2016-01-05,4.0108
2016-01-04,4.038
2015-12-31,3.9042
2015-12-30,3.9042
2015-12-29,3.8486
2015-12-28,3.918
2015-12-24,3.9511
2015-12-23,3.9626
2015-12-22,3.9764
2015-12-21,3.9825
2015-12-18,3.9056
2015-12-17,3.8923
2015-12-16,3.9351
2015-12-15,3.8697
2015-12-14,3.9017
2015-12-11,3.8541
2015-12-10,3.7679
2015-12-09,3.7573
2015-12-08,3.7915
2015-12-07,3.747
2015-12-04,3.7569
2015-12-03,3.7964
2015-12-02,3.8539
2015-12-01,3.8739
2015-11-30,3.8499
2015-11-27,3.7392
2015-11-26,3.76
2015-11-25,3.7682
2015-11-24,3.7075
2015-11-23,3.7224
2015-11-20,3.7
2015-11-19,3.7435
2015-11-18,3.7915
2015-11-17,3.8045
2015-11-16,3.833
2015-11-13,3.8016
2015-11-12,3.799
2015-11-11,3.732
2015-11-10,3.7975
2015-11-09,3.7922
2015-11-06,3.8053
2015-11-05,3.7887
2015-11-04,3.768
2015-11-03,3.812
2015-10-30,3.8582
2015-10-29,3.9321
2015-10-28,3.8791
2015-10-27,3.9108
2015-10-26,3.8575
2015-10-23,3.8982
2015-10-22,3.9354
2015-10-21,3.938
2015-10-20,3.865
2015-10-19,3.9009
2015-10-16,3.8432
2015-10-15,3.8337
2015-10-14,3.8501
2015-10-13,3.8243
2015-10-09,3.738
2015-10-08,3.8511
2015-10-07,3.8053
2015-10-06,3.8561
2015-10-05,3.9135
2015-10-02,4.0003
2015-10-01,3.9788
2015-09-30,3.9722
2015-09-29,4.1165
2015-09-28,4.0093
2015-09-25,3.9472
2015-09-24,4.1942
2015-09-23,4.1034
2015-09-22,4.0419
2015-09-21,3.9815
2015-09-18,3.9015
2015-09-17,3.8915
2015-09-16,3.8361
2015-09-15,3.8593
2015-09-14,3.8647
2015-09-11,3.8692
2015-09-10,3.8691
2015-09-09,3.7864
2015-09-08,3.8021
2015-09-04,3.798
2015-09-03,3.7753
2015-09-02,3.7307
2015-09-01,3.6719
2015-08-31,3.6461
2015-08-28,3.5784
2015-08-27,3.5549
2015-08-26,3.632
2015-08-25,3.5339
2015-08-24,3.5488
2015-08-21,3.489
2015-08-20,3.4745
2015-08-19,3.4843
2015-08-18,3.4805
2015-08-17,3.4739
2015-08-14,3.4755
2015-08-13,3.5068
2015-08-12,3.482
2015-08-11,3.4919
2015-08-10,3.4903
2015-08-07,3.5175
2015-08-06,3.5341
2015-08-05,3.4844
2015-08-04,3.4669
2015-08-03,3.4419
2015-07-31,3.3934
2015-07-30,3.3646
2015-07-29,3.3413
2015-07-28,3.3808
2015-07-27,3.3551
2015-07-24,3.3248
2015-07-23,3.2844
2015-07-22,3.2088
2015-07-21,3.1807
2015-07-20,3.2143
2015-07-17,3.1826
2015-07-16,3.1369
2015-07-15,3.1526
2015-07-14,3.1224
2015-07-13,3.1588
2015-07-10,3.1891
2015-07-09,3.2152
2015-07-08,3.2275
2015-07-07,3.1803
2015-07-06,3.1425
2015-07-03,3.1265
2015-07-02,3.1166
2015-07-01,3.1185
2015-06-30,3.1019
2015-06-29,3.1383
2015-06-26,3.1265
2015-06-25,3.1009
2015-06-24,3.0846
2015-06-23,3.1036
2015-06-22,3.0751
2015-06-19,3.0782
2015-06-18,3.0466
2015-06-17,3.0983
2015-06-16,3.1076
2015-06-15,3.103
2015-06-12,3.1101
2015-06-11,3.1508
2015-06-10,3.0837
2015-06-09,3.0985
2015-06-08,3.1184
2015-06-05,3.1677
2015-06-03,3.1178
2015-06-02,3.1437
2015-06-01,3.1783
2015-05-29,3.1781
2015-05-28,3.1741
2015-05-27,3.1734
2015-05-26,3.1345
2015-05-25,3.1206
2015-05-22,3.0647
2015-05-21,3.0289
2015-05-20,3.034
2015-05-19,3.0278
2015-05-18,3.0139
2015-05-15,2.9887
2015-05-14,3.0026
2015-05-13,3.0096
2015-05-12,3.0382
2015-05-11,3.0169
2015-05-08,2.9959
2015-05-07,3.0415
2015-05-06,3.0414
2015-05-05,3.0619
2015-05-04,3.0748
2015-04-30,2.993
2015-04-29,2.9369
2015-04-28,2.8937
2015-04-27,2.9229
2015-04-24,2.9739
2015-04-23,3.0077
2015-04-22,3.018
2015-04-20,3.0467
2015-04-17,3.0538
2015-04-16,3.0243
2015-04-15,3.0675
2015-04-14,3.0874
2015-04-13,3.1005
2015-04-10,3.0789
2015-04-09,3.0459
2015-04-08,3.0828
2015-04-07,3.1225
2015-04-06,3.092
2015-04-02,3.1486
2015-04-01,3.1549
2015-03-31,3.2074
2015-03-30,3.2595
2015-03-27,3.2253
2015-03-26,3.1909
2015-03-25,3.1469
2015-03-24,3.1304
2015-03-23,3.1793
2015-03-20,3.2417
2015-03-19,3.2635
2015-03-18,3.2512
2015-03-17,3.2677
2015-03-16,3.2251
2015-03-13,3.2258
2015-03-12,3.1165
2015-03-11,3.1156
2015-03-10,3.1293
2015-03-09,3.1012
2015-03-06,3.036
2015-03-05,2.9925
2015-03-04,2.9798
2015-03-03,2.9045
2015-03-02,2.8649
2015-02-27,2.8777
2015-02-26,2.8721
2015-02-25,2.864
2015-02-24,2.8643
2015-02-23,2.8805
2015-02-20,2.8694
2015-02-19,2.8539
2015-02-18,2.8424
2015-02-13,2.8385
2015-02-12,2.8619
2015-02-11,2.857
2015-02-10,2.8069
2015-02-09,2.7867
2015-02-06,2.7635
2015-02-05,2.738
2015-02-04,2.7142
2015-02-03,2.7053
2015-02-02,2.6888
2015-01-30,2.6617
2015-01-29,2.5954
2015-01-28,2.5791
2015-01-27,2.5803
2015-01-26,2.596
2015-01-23,2.585
2015-01-22,2.5748
2015-01-21,2.5961
2015-01-20,2.6241
2015-01-19,2.6237
2015-01-16,2.6187
2015-01-15,2.6116
2015-01-14,2.6216
2015-01-13,2.6479
2015-01-12,2.6569
2015-01-09,2.6577
2015-01-08,2.6913
2015-01-07,2.6801
2015-01-06,2.7016
2015-01-05,2.7101
2015-01-02,2.6923
2014-12-31,2.6556
2014-12-30,2.6556
2014-12-29,2.6777
2014-12-26,2.6806
2014-12-24,2.6822
2014-12-23,2.6769
2014-12-22,2.652
2014-12-19,2.648
2014-12-18,2.6669
2014-12-17,2.724
2014-12-16,2.7397
2014-12-15,2.6711
2014-12-12,2.6552
2014-12-11,2.6265
2014-12-10,2.5925
2014-12-09,2.601
2014-12-08,2.5917
2014-12-05,2.5882
2014-12-04,2.5791
2014-12-03,2.5601
2014-12-02,2.5658
2014-12-01,2.5618
2014-11-28,2.5595
2014-11-27,2.5059
2014-11-26,2.5097
2014-11-25,2.523
2014-11-24,2.5276
2014-11-21,2.5384
2014-11-20,2.554
2014-11-19,2.5843
2014-11-18,2.5961
2014-11-17,2.6029
2014-11-14,2.6129
2014-11-13,2.5719
2014-11-12,2.5544
2014-11-11,2.5638
2014-11-10,2.5384
2014-11-07,2.5715
2014-11-06,2.5319
2014-11-05,2.5162
2014-11-04,2.5189
2014-11-03,2.4833
2014-10-31,2.4436
2014-10-30,2.4113
2014-10-29,2.434
2014-10-28,2.4863
2014-10-27,2.5335
2014-10-24,2.4799
2014-10-23,2.4998
2014-10-22,2.4775
2014-10-21,2.4791
2014-10-20,2.4548
2014-10-17,2.447
2014-10-16,2.4763
2014-10-15,2.431
2014-10-14,2.3985
2014-10-13,2.3917
2014-10-10,2.4096
2014-10-09,2.3908
2014-10-08,2.4065
2014-10-07,2.4032
2014-10-06,2.4092
2014-10-03,2.4926
2014-10-02,2.4779
2014-10-01,2.4617
2014-09-30,2.4504
2014-09-29,2.4516
2014-09-26,2.4304
2014-09-25,2.4078
2014-09-24,2.4064
2014-09-23,2.402
2014-09-22,2.3864
2014-09-19,2.365
2014-09-18,2.3661
2014-09-17,2.3378
2014-09-16,2.3345
2014-09-15,2.3395
2014-09-12,2.3244
2014-09-11,2.2874
2014-09-10,2.2961
2014-09-09,2.2807
2014-09-08,2.2485
2014-09-05,2.241
2014-09-04,2.235
2014-09-03,2.2313
2014-09-02,2.2515
2014-09-01,2.2358
2014-08-29,2.239
2014-08-28,2.2493
2014-08-27,2.2585
2014-08-26,2.2742
2014-08-25,2.2802
2014-08-22,2.2772
2014-08-21,2.2576
2014-08-20,2.2544
2014-08-19,2.2581
2014-08-18,2.2589
2014-08-15,2.2684
2014-08-14,2.2697
2014-08-13,2.2686
2014-08-12,2.2764
2014-08-11,2.2773
2014-08-08,2.298
2014-08-07,2.2796
2014-08-06,2.2784
2014-08-05,2.275
2014-08-04,2.2571
2014-08-01,2.26
2014-07-31,2.2668
2014-07-30,2.2441
2014-07-29,2.2272
2014-07-28,2.2296
2014-07-25,2.2287
2014-07-24,2.2198
2014-07-23,2.2196
2014-07-22,2.2123
2014-07-21,2.2232
2014-07-18,2.2356
2014-07-17,2.2397
2014-07-16,2.2187
2014-07-15,2.2189
2014-07-14,2.217
2014-07-11,2.2222
2014-07-10,2.2231
2014-07-09,2.2128
2014-07-08,2.2144
2014-07-07,2.2195
2014-07-04,2.2143
2014-07-03,2.2275
2014-07-02,2.2127
2014-07-01,2.2048
2014-06-30,2.2019
2014-06-27,2.1969
2014-06-26,2.2083
2014-06-25,2.2046
2014-06-24,2.2211
2014-06-23,2.2189
2014-06-20,2.2374
2014-06-18,2.2528
2014-06-17,2.248
2014-06-16,2.2307
2014-06-13,2.2341
2014-06-12,2.2298
2014-06-11,2.2301
2014-06-10,2.229
2014-06-09,2.233
2014-06-06,2.2439
2014-06-05,2.2689
2014-06-04,2.2796
2014-06-03,2.2648
2014-06-02,2.2634
2014-05-30,2.2384
2014-05-29,2.2245
2014-05-28,2.2399
2014-05-27,2.2348
2014-05-26,2.2203
2014-05-23,2.2181
2014-05-22,2.2125
2014-05-21,2.2105
2014-05-20,2.215
2014-05-19,2.2105
2014-05-16,2.2104
2014-05-15,2.216
2014-05-14,2.2123
2014-05-13,2.2095
2014-05-12,2.2158
2014-05-09,2.2186
2014-05-08,2.2101
2014-05-07,2.2276
2014-05-06,2.2316
2014-05-05,2.228
2014-05-02,2.2215
2014-04-30,2.2354
2014-04-29,2.2193
2014-04-28,2.2364
2014-04-25,2.2319
2014-04-24,2.2223
2014-04-23,2.242
2014-04-22,2.2443
2014-04-17,2.2476
2014-04-16,2.2336
2014-04-15,2.2251
2014-04-14,2.209
2014-04-11,2.2053
2014-04-10,2.1982
2014-04-09,2.2105
2014-04-08,2.1968
2014-04-07,2.223
2014-04-04,2.2414
2014-04-03,2.2805
2014-04-02,2.2705
2014-04-01,2.2614
2014-03-31,2.2624
2014-03-28,2.2597
2014-03-27,2.2824
2014-03-26,2.3113
2014-03-25,2.3118
2014-03-24,2.3242
2014-03-21,2.3239
2014-03-20,2.3414
2014-03-19,2.3333
2014-03-18,2.3516
2014-03-17,2.3513
2014-03-14,2.3631
2014-03-13,2.348
2014-03-12,2.3643
2014-03-11,2.3455
2014-03-10,2.3404
2014-03-07,2.3376
2014-03-06,2.3088
2014-03-05,2.3234
2014-02-28,2.3327
2014-02-27,2.3431
2014-02-26,2.3448
2014-02-25,2.3361
2014-02-24,2.3385
2014-02-21,2.3619
2014-02-20,2.3793
2014-02-19,2.398
2014-02-18,2.3977
2014-02-17,2.3864
2014-02-14,2.3919
2014-02-13,2.4232
2014-02-12,2.408
2014-02-11,2.407
2014-02-10,2.393
2014-02-07,2.3811
2014-02-06,2.4035
2014-02-05,2.4101
2014-02-04,2.4171
2014-02-03,2.4084
2014-01-31,2.4257
2014-01-30,2.4218
2014-01-29,2.439
2014-01-28,2.4159
2014-01-27,2.4038
2014-01-24,2.4123
2014-01-23,2.3755
2014-01-22,2.3595
2014-01-21,2.3602
2014-01-20,2.3329
2014-01-17,2.3595
2014-01-16,2.3677
2014-01-15,2.3465
2014-01-14,2.3611
2014-01-13,2.3485
2014-01-10,2.3813
2014-01-09,2.3954
2014-01-08,2.3773
2014-01-07,2.3628
2014-01-06,2.3783
2014-01-03,2.3734
2014-01-02,2.3969
2013-12-31,2.342
2013-12-30,2.342
2013-12-27,2.3532
2013-12-26,2.3501
2013-12-24,2.3543
2013-12-23,2.37
2013-12-20,2.3811
2013-12-19,2.3522
2013-12-18,2.3268
2013-12-17,2.3215
2013-12-16,2.3249
2013-12-13,2.3348
2013-12-12,2.3333
2013-12-11,2.3256
2013-12-10,2.3096
2013-12-09,2.3218
2013-12-06,2.3519
2013-12-05,2.3741
2013-12-04,2.374
2013-12-03,2.3552
2013-12-02,2.3443
2013-11-29,2.3243
2013-11-28,2.3202
2013-11-27,2.3052
2013-11-26,2.3034
2013-11-25,2.2865
2013-11-22,2.2906
2013-11-21,2.3061
2013-11-20,2.2713
2013-11-19,2.2656
2013-11-18,2.2822
2013-11-14,2.3283
2013-11-13,2.3228
2013-11-12,2.3356
2013-11-11,2.3136
2013-11-08,2.3164
2013-11-07,2.2819
2013-11-06,2.2779
2013-11-05,2.2741
2013-11-04,2.242
2013-11-01,2.2462
2013-10-31,2.202
2013-10-30,2.1882
2013-10-29,2.1798
2013-10-28,2.184
2013-10-25,2.1842
2013-10-24,2.1997
2013-10-23,2.1821
2013-10-22,2.1754
2013-10-21,2.1732
2013-10-18,2.161
2013-10-17,2.1605
2013-10-16,2.1623
2013-10-15,2.1812
2013-10-14,2.1811
2013-10-11,2.1815
2013-10-10,2.1844
2013-10-09,2.2048
2013-10-08,2.201
2013-10-07,2.2081
2013-10-04,2.2045
2013-10-03,2.2063
2013-10-02,2.2082
2013-10-01,2.2118
2013-09-30,2.2294
2013-09-27,2.2565
2013-09-26,2.2279
2013-09-25,2.2218
2013-09-24,2.2025
2013-09-23,2.2026
2013-09-20,2.2047
2013-09-19,2.2029
2013-09-18,2.2483
2013-09-17,2.2611
2013-09-16,2.2643
2013-09-13,2.2779
2013-09-12,2.2763
2013-09-11,2.2941
2013-09-10,2.2773
2013-09-09,2.2862
2013-09-06,2.2973
2013-09-05,2.3308
2013-09-04,2.3532
2013-09-03,2.3891
2013-09-02,2.3637
2013-08-30,2.3719
2013-08-29,2.3572
2013-08-28,2.3509
2013-08-27,2.3992
2013-08-26,2.3699
2013-08-23,2.3862
2013-08-22,2.4451
2013-08-21,2.4163
2013-08-20,2.3937
2013-08-19,2.3974
2013-08-16,2.3559
2013-08-15,2.3428
2013-08-14,2.3112
2013-08-13,2.3029
2013-08-12,2.2716
2013-08-09,2.2743
2013-08-08,2.2876
2013-08-07,2.3022
2013-08-06,2.2949
2013-08-05,2.3004
2013-08-02,2.2927
2013-08-01,2.2908
2013-07-31,2.2897
2013-07-30,2.2729
2013-07-29,2.2603
2013-07-26,2.2483
2013-07-25,2.2491
2013-07-24,2.2342
2013-07-23,2.2261
2013-07-22,2.238
2013-07-19,2.2358
2013-07-18,2.2291
2013-07-17,2.2366
2013-07-16,2.2347
2013-07-15,2.2543
2013-07-12,2.2664
2013-07-11,2.2666
2013-07-10,2.2691
2013-07-09,2.2615
2013-07-08,2.2577
2013-07-05,2.2639
2013-07-04,2.2589
2013-07-03,2.2628
2013-07-02,2.2407
2013-07-01,2.2292
2013-06-28,2.215
2013-06-27,2.184
2013-06-26,2.1969
2013-06-25,2.218
2013-06-24,2.2509
2013-06-21,2.2642
2013-06-20,2.2517
2013-06-19,2.1738
2013-06-18,2.17
2013-06-17,2.1532
2013-06-14,2.1361
2013-06-13,2.1441
2013-06-12,2.1415
2013-06-11,2.1515
2013-06-10,2.1501
2013-06-07,2.1367
2013-06-06,2.1244
2013-06-05,2.1229
2013-06-04,2.1276
2013-06-03,2.1349
2013-05-31,2.1314
2013-05-29,2.0888
2013-05-28,2.061
2013-05-27,2.0521
2013-05-24,2.0489
2013-05-23,2.0531
2013-05-22,2.0381
2013-05-21,2.0396
2013-05-20,2.0328
2013-05-17,2.0348
2013-05-16,2.0249
2013-05-15,2.0227
2013-05-14,2.0057
2013-05-13,2.0144
2013-05-10,2.0225
2013-05-09,2.0046
2013-05-08,2.0024
2013-05-07,2.0104
2013-05-06,2.0137
2013-05-03,2.0088
2013-05-02,2.0089
2013-04-30,2.0011
2013-04-29,1.9993
2013-04-26,1.9995
2013-04-25,2.0114
2013-04-24,2.0238
2013-04-23,2.0164
2013-04-22,2.0148
2013-04-19,2.0084
2013-04-18,2.0146
2013-04-17,1.9933
2013-04-16,1.9897
2013-04-15,1.9784
2013-04-12,1.9755
2013-04-11,1.9731
2013-04-10,1.9804
2013-04-09,1.9855
2013-04-08,1.9897
2013-04-05,2.0029
2013-04-04,2.0195
2013-04-03,2.0233
2013-04-02,2.0173
2013-04-01,2.018
2013-03-28,2.0132
2013-03-27,2.0179
2013-03-26,2.0081
2013-03-25,2.0134
2013-03-22,2.012
2013-03-21,1.9925
2013-03-20,1.9862
2013-03-19,1.9824
2013-03-18,1.9865
2013-03-15,1.9743
2013-03-14,1.9671
2013-03-13,1.9614
2013-03-12,1.9579
2013-03-11,1.9546
2013-03-08,1.9522
2013-03-07,1.9636
2013-03-06,1.9668
2013-03-05,1.9688
2013-03-04,1.9822
2013-03-01,1.9843
2013-02-28,1.9749
2013-02-27,1.9801
2013-02-26,1.9812
2013-02-25,1.967
2013-02-22,1.9699
2013-02-21,1.9715
2013-02-20,1.9564
2013-02-19,1.9591
2013-02-18,1.967
2013-02-15,1.9594
2013-02-14,1.966
2013-02-13,1.9665
2013-02-08,1.963
2013-02-07,1.9783
2013-02-06,1.9878
2013-02-05,1.9875
2013-02-04,1.9888
2013-02-01,1.9838
2013-01-31,1.9877
2013-01-30,1.9894
2013-01-29,1.9906
2013-01-28,2.0235
2013-01-25,2.0277
2013-01-24,2.0338
2013-01-23,2.0388
2013-01-22,2.0466
2013-01-21,2.0415
2013-01-18,2.0435
2013-01-17,2.0405
2013-01-16,2.0403
2013-01-15,2.0368
2013-01-14,2.0328
2013-01-11,2.0335
2013-01-10,2.0352
2013-01-09,2.0411
2013-01-08,2.028
2013-01-07,2.0306
2013-01-04,2.0419
2013-01-03,2.0458
2013-01-02,2.0409
2012-12-31,2.0429
2012-12-28,2.0429
2012-12-27,2.0477
2012-12-26,2.0563
2012-12-24,2.0767
2012-12-21,2.0751
2012-12-20,2.062
2012-12-19,2.0785
2012-12-18,2.096
2012-12-17,2.0896
2012-12-14,2.0834
2012-12-13,2.0745
2012-12-12,2.0795
2012-12-11,2.0737
2012-12-10,2.0804
2012-12-07,2.0798
2012-12-06,2.0831
2012-12-05,2.104
2012-12-04,2.1072
2012-12-03,2.1115
2012-11-30,2.1068
2012-11-29,2.0986
2012-11-28,2.0907
2012-11-27,2.0746
2012-11-26,2.0782
2012-11-23,2.098
2012-11-22,2.0907
2012-11-21,2.0918
2012-11-20,2.0827
2012-11-19,2.074
2012-11-16,2.0706
2012-11-14,2.0624
2012-11-13,2.0609
2012-11-12,2.047
2012-11-09,2.0507
2012-11-08,2.0352
2012-11-07,2.0324
2012-11-06,2.0336
2012-11-05,2.0344
2012-11-01,2.0306
2012-10-31,2.0308
2012-10-30,2.0318
2012-10-29,2.0291
2012-10-26,2.0257
2012-10-25,2.0256
2012-10-24,2.0257
2012-10-23,2.0281
2012-10-22,2.026
2012-10-19,2.0266
2012-10-18,2.029
2012-10-17,2.033
2012-10-16,2.0345
2012-10-15,2.0377
2012-10-11,2.0363
2012-10-10,2.0373
2012-10-09,2.0331
2012-10-08,2.0307
2012-10-05,2.024
2012-10-04,2.0218
2012-10-03,2.026
2012-10-02,2.026
2012-10-01,2.0254
2012-09-28,2.03
2012-09-27,2.0305
2012-09-26,2.0335
2012-09-25,2.0245
2012-09-24,2.0267
2012-09-21,2.0235
2012-09-20,2.0257
2012-09-19,2.023
2012-09-18,2.0268
2012-09-17,2.0306
2012-09-14,2.0133
2012-09-13,2.0249
2012-09-12,2.0198
2012-09-11,2.0192
2012-09-10,2.0235
2012-09-06,2.0375
2012-09-05,2.038
2012-09-04,2.0386
2012-09-03,2.0329
2012-08-31,2.0366
2012-08-30,2.0507
2012-08-29,2.0503
2012-08-28,2.0427
2012-08-27,2.0287
2012-08-24,2.025
2012-08-23,2.0236
2012-08-22,2.0204
2012-08-21,2.0167
2012-08-20,2.0203
2012-08-17,2.0176
2012-08-16,2.0208
2012-08-15,2.0228
2012-08-14,2.0252
2012-08-13,2.026
2012-08-10,2.0169
2012-08-09,2.0177
2012-08-08,2.0267
2012-08-07,2.0276
2012-08-06,2.0273
2012-08-03,2.0307
2012-08-02,2.047
2012-08-01,2.0426
2012-07-31,2.0494
2012-07-30,2.0308
2012-07-27,2.0167
2012-07-26,2.0249
2012-07-25,2.0397
2012-07-24,2.0413
2012-07-23,2.0406
2012-07-20,2.022
2012-07-19,2.0233
2012-07-18,2.0253
2012-07-17,2.0343
2012-07-16,2.0375
2012-07-13,2.0332
2012-07-12,2.0465
2012-07-11,2.0304
2012-07-10,2.0327
2012-07-09,2.0303
2012-07-06,2.0287
2012-07-05,2.0287
2012-07-04,2.0195
2012-07-03,1.9882
2012-07-02,1.9887
2012-06-29,2.0207
2012-06-28,2.0897
2012-06-27,2.0758
2012-06-26,2.0737
2012-06-25,2.0712
2012-06-22,2.0549
2012-06-21,2.0357
2012-06-20,2.0287
2012-06-19,2.0433
2012-06-18,2.0628
2012-06-15,2.0437
2012-06-14,2.0685
2012-06-13,2.0597
2012-06-12,2.0558
2012-06-11,2.0342
2012-06-08,2.0347
2012-06-06,2.0176
2012-06-05,2.0259
2012-06-04,2.0404
2012-06-01,2.0344
2012-05-31,2.0217
2012-05-30,2.0072
2012-05-29,1.9938
2012-05-28,1.9772
2012-05-25,2.0026
2012-05-24,2.0378
2012-05-23,2.0809
2012-05-22,2.0487
2012-05-21,2.0368
2012-05-18,2.0088
2012-05-17,1.9967
2012-05-16,1.9968
2012-05-15,1.9941
2012-05-14,1.986
2012-05-11,1.9507
2012-05-10,1.9576
2012-05-09,1.9571
2012-05-08,1.936
2012-05-07,1.9262
2012-05-04,1.9204
2012-05-03,1.9271
2012-05-02,1.9143
2012-04-30,1.8912
2012-04-27,1.8846
2012-04-26,1.8864
2012-04-25,1.8801
2012-04-24,1.8774
2012-04-23,1.8858
2012-04-20,1.878
2012-04-19,1.8861
2012-04-18,1.8688
2012-04-17,1.8447
2012-04-16,1.8367
2012-04-13,1.8358
2012-04-12,1.8264
2012-04-11,1.8297
2012-04-10,1.8311
2012-04-09,1.8254
2012-04-05,1.8295
2012-04-04,1.831
2012-04-03,1.825
2012-04-02,1.8308
2012-03-30,1.8215
2012-03-29,1.8327
2012-03-28,1.8217
2012-03-27,1.8129
2012-03-26,1.8137
2012-03-23,1.8188
2012-03-22,1.8244
2012-03-21,1.8261
2012-03-20,1.8253
2012-03-19,1.8084
2012-03-16,1.8012
2012-03-15,1.8
2012-03-14,1.814
2012-03-13,1.8096
2012-03-12,1.8151
2012-03-09,1.7761
2012-03-08,1.7691
2012-03-07,1.7685
2012-03-06,1.755
2012-03-05,1.7308
2012-03-02,1.7239
2012-03-01,1.7146
2012-02-29,1.7086
2012-02-28,1.7017
2012-02-27,1.7082
2012-02-24,1.7091
2012-02-23,1.7033
2012-02-22,1.7069
2012-02-17,1.713
2012-02-16,1.732
2012-02-15,1.7151
2012-02-14,1.7167
2012-02-13,1.7162
2012-02-10,1.7254
2012-02-09,1.7219
2012-02-08,1.7189
2012-02-07,1.7255
2012-02-06,1.7243
2012-02-03,1.7216
2012-02-02,1.732
2012-02-01,1.737
2012-01-31,1.7385
2012-01-30,1.7502
2012-01-27,1.7429
2012-01-26,1.7382
2012-01-25,1.7623
2012-01-24,1.7643
2012-01-23,1.7521
2012-01-20,1.7664
2012-01-19,1.7642
2012-01-18,1.7785
2012-01-17,1.7754
2012-01-16,1.783
2012-01-13,1.7846
2012-01-12,1.7867
2012-01-11,1.8041
2012-01-10,1.8036
2012-01-09,1.8435
2012-01-06,1.8442
2012-01-05,1.8365
2012-01-04,1.8265
2012-01-03,1.845
2012-01-02,1.8676
2011-12-29,1.8751
2011-12-28,1.8626
2011-12-27,1.8578
2011-12-26,1.8559
2011-12-23,1.8554
2011-12-22,1.8571
2011-12-21,1.855
2011-12-20,1.8501
2011-12-19,1.8608
2011-12-16,1.8458
2011-12-15,1.8602
2011-12-14,1.8721
2011-12-13,1.8403
2011-12-12,1.8211
2011-12-09,1.8123
2011-12-08,1.7934
2011-12-07,1.7974
2011-12-06,1.7906
2011-12-05,1.7823
2011-12-02,1.7836
2011-12-01,1.7922
2011-11-30,1.8102
2011-11-29,1.8478
2011-11-28,1.859
2011-11-25,1.893
2011-11-24,1.8652
2011-11-23,1.8434
2011-11-22,1.8062
2011-11-21,1.8053
2011-11-18,1.7716
2011-11-17,1.7767
2011-11-16,1.7765
2011-11-14,1.7642
2011-11-11,1.754
2011-11-10,1.7603
2011-11-09,1.751
2011-11-08,1.7446
2011-11-07,1.7486
2011-11-04,1.7408
2011-11-03,1.7262
2011-11-01,1.7499
2011-10-31,1.6878
2011-10-28,1.6979
2011-10-27,1.7316
2011-10-26,1.7599
2011-10-25,1.7541
2011-10-24,1.7761
2011-10-21,1.7796
2011-10-20,1.7819
2011-10-19,1.7597
2011-10-18,1.7717
2011-10-17,1.7481
2011-10-14,1.7369
2011-10-13,1.7529
2011-10-11,1.7652
2011-10-10,1.7471
2011-10-07,1.7659
2011-10-06,1.8109
2011-10-05,1.8449
2011-10-04,1.8848
2011-10-03,1.8804
2011-09-30,1.8536
2011-09-29,1.8283
2011-09-28,1.8123
2011-09-27,1.8
2011-09-26,1.8437
2011-09-23,1.8727
2011-09-22,1.9008
2011-09-21,1.8272
2011-09-20,1.7862
2011-09-19,1.7755
2011-09-16,1.7114
2011-09-15,1.7098
2011-09-14,1.728
2011-09-13,1.7119
2011-09-12,1.6891
2011-09-09,1.6766
2011-09-08,1.6558
2011-09-06,1.6575
2011-09-05,1.6514
2011-09-02,1.6335
2011-09-01,1.6032
2011-08-31,1.5864
2011-08-30,1.5896
2011-08-29,1.5966
2011-08-26,1.6106
2011-08-25,1.6146
2011-08-24,1.6031
2011-08-23,1.6028
2011-08-22,1.6001
2011-08-19,1.5952
2011-08-18,1.6054
2011-08-17,1.5822
2011-08-16,1.591
2011-08-15,1.5948
2011-08-12,1.6149
2011-08-11,1.6298
2011-08-10,1.6175
2011-08-09,1.6326
2011-08-08,1.5991
2011-08-05,1.5887
2011-08-04,1.5744
2011-08-03,1.5643
2011-08-02,1.5648
2011-08-01,1.5543
2011-07-29,1.5555
2011-07-28,1.5643
2011-07-27,1.5631
2011-07-26,1.5337
2011-07-25,1.5441
2011-07-22,1.5539
2011-07-21,1.5559
2011-07-20,1.5643
2011-07-19,1.5683
2011-07-18,1.582
2011-07-15,1.5735
2011-07-14,1.5721
2011-07-13,1.5754
2011-07-12,1.5765
2011-07-11,1.5788
2011-07-08,1.5626
2011-07-07,1.5573
2011-07-06,1.5654
2011-07-05,1.5629
2011-07-04,1.5572
2011-07-01,1.5591
2011-06-30,1.5603
2011-06-29,1.5722
2011-06-28,1.5825
2011-06-27,1.5961
2011-06-24,1.598
2011-06-22,1.5869
2011-06-21,1.5902
2011-06-20,1.5961
2011-06-17,1.5971
2011-06-16,1.61
2011-06-15,1.5952
2011-06-14,1.5813
2011-06-13,1.588
2011-06-10,1.593
2011-06-09,1.5869
2011-06-08,1.5812
2011-06-07,1.5756
2011-06-06,1.5802
2011-06-03,1.5736
2011-06-02,1.5797
2011-06-01,1.587
2011-05-31,1.5791
2011-05-30,1.595
2011-05-27,1.603
2011-05-26,1.6188
2011-05-25,1.6289
2011-05-24,1.6248
2011-05-23,1.6331
2011-05-20,1.6161
2011-05-19,1.6157
2011-05-18,1.6158
2011-05-17,1.6282
2011-05-16,1.6309
2011-05-13,1.632
2011-05-12,1.6199
2011-05-11,1.617
2011-05-10,1.6061
2011-05-09,1.6191
2011-05-06,1.6103
2011-05-05,1.6211
2011-05-04,1.6022
2011-05-03,1.5882
2011-05-02,1.5739
2011-04-29,1.5725
2011-04-28,1.5845
2011-04-27,1.5697
2011-04-26,1.5646
2011-04-25,1.5712
2011-04-20,1.5714
2011-04-19,1.5784
2011-04-18,1.5904
2011-04-15,1.5768
2011-04-14,1.5834
2011-04-13,1.5856
2011-04-12,1.5862
2011-04-11,1.5797
2011-04-08,1.5754
2011-04-07,1.5919
2011-04-06,1.6089
2011-04-05,1.6079
2011-04-04,1.6102
2011-04-01,1.6186
2011-03-31,1.6279
2011-03-30,1.6352
2011-03-29,1.6538
2011-03-28,1.6606
2011-03-25,1.6573
2011-03-24,1.6585
2011-03-23,1.6594
2011-03-22,1.663
2011-03-21,1.6644
2011-03-18,1.6712
2011-03-17,1.6749
2011-03-16,1.6666
2011-03-15,1.6684
2011-03-14,1.6623
2011-03-11,1.6641
2011-03-10,1.6604
2011-03-09,1.6551
2011-03-04,1.6454
2011-03-03,1.6537
2011-03-02,1.6602
2011-03-01,1.6619
2011-02-28,1.6604
2011-02-25,1.6617
2011-02-24,1.6641
2011-02-23,1.6712
2011-02-22,1.6686
2011-02-21,1.6659
2011-02-18,1.6669
2011-02-17,1.6696
2011-02-16,1.6696
2011-02-15,1.6674
2011-02-14,1.6673
2011-02-11,1.6671
2011-02-10,1.6672
2011-02-09,1.6635
2011-02-08,1.6703
2011-02-07,1.6768
2011-02-04,1.673
2011-02-03,1.6689
2011-02-02,1.6663
2011-02-01,1.6623
2011-01-31,1.6726
2011-01-28,1.6774
2011-01-27,1.6712
2011-01-26,1.6684
2011-01-25,1.6737
2011-01-24,1.6723
2011-01-21,1.6715
2011-01-20,1.6707
2011-01-19,1.6706
2011-01-18,1.6737
2011-01-17,1.681
2011-01-14,1.6835
2011-01-13,1.6693
2011-01-12,1.6879
2011-01-11,1.6879
2011-01-10,1.6904
2011-01-07,1.6853
2011-01-06,1.6849
2011-01-05,1.6705
2011-01-04,1.6548
2011-01-03,1.6502
2010-12-31,1.6654
2010-12-30,1.6654
2010-12-29,1.678
2010-12-28,1.6858
2010-12-27,1.6914
2010-12-24,1.6895
2010-12-23,1.6976
2010-12-22,1.6938
2010-12-21,1.6966
2010-12-20,1.7074
2010-12-17,1.709
2010-12-16,1.702
2010-12-15,1.698
2010-12-14,1.6941
2010-12-13,1.7019
2010-12-10,1.7109
2010-12-09,1.7016
2010-12-08,1.6884
2010-12-07,1.6731
2010-12-06,1.6828
2010-12-02,1.7021
2010-12-01,1.7036
2010-11-30,1.7153
2010-11-29,1.7263
2010-11-26,1.729
2010-11-25,1.7198
2010-11-24,1.7239
2010-11-23,1.7328
2010-11-22,1.7227
2010-11-19,1.7181
2010-11-18,1.7135
2010-11-17,1.729
2010-11-16,1.7287
2010-11-12,1.719
2010-11-11,1.717
2010-11-10,1.7062
2010-11-09,1.6962
2010-11-08,1.6962
2010-11-05,1.6793
2010-11-04,1.6811
2010-11-03,1.6929
2010-11-01,1.7036
2010-10-29,1.7006
2010-10-28,1.7104
2010-10-27,1.7069
2010-10-26,1.7037
2010-10-25,1.7018
2010-10-22,1.6989
2010-10-21,1.6889
2010-10-20,1.6727
2010-10-19,1.686
2010-10-18,1.6678
2010-10-15,1.6596
2010-10-14,1.6588
2010-10-13,1.6546
2010-10-11,1.664
2010-10-08,1.6796
2010-10-07,1.6769
2010-10-06,1.675
2010-10-05,1.68
2010-10-04,1.6874
2010-10-01,1.6804
2010-09-30,1.6934
2010-09-29,1.7045
2010-09-28,1.7085
2010-09-27,1.7092
2010-09-24,1.7112
2010-09-23,1.7186
2010-09-22,1.7176
2010-09-21,1.7247
2010-09-20,1.7208
2010-09-17,1.7158
2010-09-16,1.7176
2010-09-15,1.7161
2010-09-14,1.706
2010-09-13,1.7166
2010-09-10,1.7178
2010-09-09,1.723
2010-09-08,1.7223
2010-09-06,1.7251
2010-09-03,1.7273
2010-09-02,1.7359
2010-09-01,1.7433
2010-08-31,1.7552
2010-08-30,1.7583
2010-08-27,1.7536
2010-08-26,1.7588
2010-08-25,1.766
2010-08-24,1.7719
2010-08-23,1.7579
2010-08-20,1.7589
2010-08-19,1.7576
2010-08-18,1.7505
2010-08-17,1.752
2010-08-16,1.7631
2010-08-13,1.7708
2010-08-12,1.7723
2010-08-11,1.7655
2010-08-10,1.7568
2010-08-09,1.7529
2010-08-06,1.7558
2010-08-05,1.7527
2010-08-04,1.7555
2010-08-03,1.7586
2010-08-02,1.7481
2010-07-30,1.7564
2010-07-29,1.7635
2010-07-28,1.7642
2010-07-27,1.765
2010-07-26,1.7661
2010-07-23,1.7609
2010-07-22,1.7621
2010-07-21,1.7758
2010-07-20,1.7792
2010-07-19,1.7846
2010-07-16,1.7784
2010-07-15,1.7682
2010-07-14,1.7649
2010-07-13,1.7517
2010-07-12,1.7636
2010-07-09,1.7564
2010-07-08,1.7644
2010-07-07,1.7711
2010-07-06,1.7657
2010-07-05,1.7747
2010-07-02,1.7777
2010-07-01,1.7998
2010-06-30,1.8007
2010-06-29,1.8068
2010-06-28,1.7818
2010-06-25,1.7773
2010-06-24,1.7899
2010-06-23,1.79
2010-06-22,1.7672
2010-06-21,1.7655
2010-06-18,1.7753
2010-06-17,1.7809
2010-06-16,1.7885
2010-06-15,1.7963
2010-06-14,1.8022
2010-06-11,1.8117
2010-06-10,1.8177
2010-06-09,1.8415
2010-06-08,1.865
2010-06-07,1.8626
2010-06-04,1.8393
2010-06-02,1.8354
2010-06-01,1.8247
2010-05-31,1.8159
2010-05-28,1.8221
2010-05-27,1.832
2010-05-26,1.8453
2010-05-25,1.8803
2010-05-24,1.8514
2010-05-21,1.8702
2010-05-20,1.8669
2010-05-19,1.8358
2010-05-18,1.7913
2010-05-17,1.8037
2010-05-14,1.7959
2010-05-13,1.7729
2010-05-12,1.7715
2010-05-11,1.7835
2010-05-10,1.7825
2010-05-07,1.8335
2010-05-06,1.8345
2010-05-05,1.7854
2010-05-04,1.7549
2010-05-03,1.7307
2010-04-30,1.7298
2010-04-29,1.7313
2010-04-28,1.755
2010-04-27,1.7584
2010-04-26,1.7438
2010-04-23,1.7616
2010-04-22,1.7618
2010-04-20,1.7489
2010-04-19,1.758
2010-04-16,1.755
2010-04-15,1.7475
2010-04-14,1.7438
2010-04-13,1.7576
2010-04-12,1.76
2010-04-09,1.7722
2010-04-08,1.7798
2010-04-07,1.7654
2010-04-06,1.7597
2010-04-05,1.7565
2010-04-01,1.7693
2010-03-31,1.7802
2010-03-30,1.7944
2010-03-29,1.8056
2010-03-26,1.8223
2010-03-25,1.8
2010-03-24,1.7896
2010-03-23,1.7805
2010-03-22,1.8022
2010-03-19,1.7946
2010-03-18,1.784
2010-03-17,1.7632
2010-03-16,1.7658
2010-03-15,1.7636
2010-03-12,1.7629
2010-03-11,1.7685
2010-03-10,1.7708
2010-03-09,1.7891
2010-03-08,1.7818
2010-03-05,1.7816
2010-03-04,1.788
2010-03-03,1.7838
2010-03-02,1.7843
2010-03-01,1.7992
2010-02-26,1.8102
2010-02-25,1.8356
2010-02-24,1.8195
2010-02-23,1.8178
2010-02-22,1.8038
2010-02-19,1.8108
2010-02-18,1.8258
2010-02-17,1.8305
2010-02-12,1.8662
2010-02-11,1.8508
2010-02-10,1.8475
2010-02-09,1.8542
2010-02-08,1.8722
2010-02-05,1.8745
2010-02-04,1.8707
2010-02-03,1.8329
2010-02-02,1.8355
2010-02-01,1.8765
2010-01-29,1.874
2010-01-28,1.8552
2010-01-27,1.8505
2010-01-26,1.8359
2010-01-25,1.8186
2010-01-22,1.8179
2010-01-21,1.7895
2010-01-20,1.7846
2010-01-19,1.7739
2010-01-18,1.7713
2010-01-15,1.7703
2010-01-14,1.764
2010-01-13,1.7434
2010-01-12,1.7431
2010-01-11,1.7315
2010-01-08,1.7382
2010-01-07,1.7405
2010-01-06,1.7329
2010-01-05,1.7219
2010-01-04,1.7232
2009-12-30,1.7404
2009-12-29,1.7413
2009-12-28,1.739
2009-12-24,1.7519
2009-12-23,1.7755
2009-12-22,1.7817
2009-12-21,1.7779
2009-12-18,1.7871
2009-12-17,1.7815
2009-12-16,1.751
2009-12-15,1.7449
2009-12-14,1.7475
2009-12-11,1.7513
2009-12-10,1.7619
2009-12-09,1.7603
2009-12-08,1.7474
2009-12-07,1.7294
2009-12-04,1.7123
2009-12-03,1.7088
2009-12-02,1.7193
2009-12-01,1.7285
2009-11-30,1.7497
2009-11-27,1.7435
2009-11-26,1.7401
2009-11-25,1.7264
2009-11-24,1.7274
2009-11-23,1.7237
2009-11-19,1.7348
2009-11-18,1.7095
2009-11-17,1.7145
2009-11-16,1.7119
2009-11-13,1.7282
2009-11-12,1.7242
2009-11-11,1.7104
2009-11-10,1.7088
2009-11-09,1.7016
2009-11-06,1.7171
2009-11-05,1.7232
2009-11-04,1.7263
2009-11-03,1.758
2009-10-30,1.7432
2009-10-29,1.7428
2009-10-28,1.7439
2009-10-27,1.7334
2009-10-26,1.7149
2009-10-23,1.7105
2009-10-22,1.7296
2009-10-21,1.7432
2009-10-20,1.7442
2009-10-19,1.7122
2009-10-16,1.7127
2009-10-15,1.7029
2009-10-14,1.7091
2009-10-13,1.729
2009-10-09,1.7381
2009-10-08,1.7404
2009-10-07,1.7587
2009-10-06,1.7525
2009-10-05,1.7665
2009-10-02,1.7836
2009-10-01,1.7786
2009-09-30,1.7773
2009-09-29,1.792
2009-09-28,1.7902
2009-09-25,1.8009
2009-09-24,1.7909
2009-09-23,1.7908
2009-09-22,1.8053
2009-09-21,1.8164
2009-09-18,1.8041
2009-09-17,1.8086
2009-09-16,1.7976
2009-09-15,1.8079
2009-09-14,1.8189
2009-09-11,1.8171
2009-09-10,1.8253
2009-09-09,1.8272
2009-09-08,1.8246
2009-09-04,1.8493
2009-09-03,1.8694
2009-09-02,1.903
2009-09-01,1.8821
2009-08-31,1.8856
2009-08-28,1.8732
2009-08-27,1.8661
2009-08-26,1.8662
2009-08-25,1.8411
2009-08-24,1.8331
2009-08-21,1.8289
2009-08-20,1.8426
2009-08-19,1.8425
2009-08-18,1.8566
2009-08-17,1.8674
2009-08-14,1.8377
2009-08-13,1.8317
2009-08-12,1.8378
2009-08-11,1.8449
2009-08-10,1.8404
2009-08-07,1.8224
2009-08-06,1.834
2009-08-05,1.8173
2009-08-04,1.8264
2009-08-03,1.8361
2009-07-31,1.8718
2009-07-30,1.8803
2009-07-29,1.8974
2009-07-28,1.8811
2009-07-27,1.8829
2009-07-24,1.8952
2009-07-23,1.8914
2009-07-22,1.9021
2009-07-21,1.9035
2009-07-20,1.906
2009-07-17,1.9282
2009-07-16,1.9332
2009-07-15,1.9412
2009-07-14,1.9696
2009-07-13,1.9887
2009-07-10,2.0139
2009-07-09,1.9913
2009-07-08,1.9974
2009-07-07,1.9633
2009-07-06,1.9703
2009-07-03,1.9466
2009-07-02,1.9461
2009-07-01,1.9334
2009-06-30,1.9508
2009-06-29,1.9479
2009-06-26,1.9388
2009-06-25,1.9554
2009-06-24,1.9716
2009-06-23,2.0011
2009-06-22,2.0066
2009-06-19,1.9584
2009-06-18,1.9701
2009-06-17,1.9776
2009-06-16,1.9453
2009-06-15,1.945
2009-06-12,1.9293
2009-06-10,1.9466
2009-06-09,1.9377
2009-06-08,1.9696
2009-06-05,1.9526
2009-06-04,1.9489
2009-06-03,1.9592
2009-06-02,1.9362
2009-06-01,1.9432
2009-05-29,1.9722
2009-05-28,2.0136
2009-05-27,2.0087
2009-05-26,2.0253
2009-05-25,2.0226
2009-05-22,2.0271
2009-05-21,2.0256
2009-05-20,2.0191
2009-05-19,2.048
2009-05-18,2.0776
2009-05-15,2.0754
2009-05-14,2.0921
2009-05-13,2.0984
2009-05-12,2.0641
2009-05-11,2.0571
2009-05-08,2.0742
2009-05-07,2.0976
2009-05-06,2.2105
2009-05-05,2.1468
2009-05-04,2.1361
2009-04-30,2.1775
2009-04-29,2.183
2009-04-28,2.2029
2009-04-27,2.2157
2009-04-24,2.1925
2009-04-23,2.2099
2009-04-22,2.212
2009-04-20,2.2342
2009-04-17,2.1856
2009-04-16,2.1783
2009-04-15,2.1984
2009-04-14,2.1868
2009-04-13,2.1691
2009-04-09,2.1758
2009-04-08,2.2006
2009-04-07,2.2241
2009-04-06,2.2244
2009-04-03,2.2064
2009-04-02,2.2347
2009-04-01,2.2891
2009-03-31,2.3144
2009-03-30,2.3289
2009-03-27,2.2737
2009-03-26,2.2367
2009-03-25,2.2427
2009-03-24,2.2559
2009-03-23,2.2497
2009-03-20,2.2559
2009-03-19,2.2371
2009-03-18,2.2798
2009-03-17,2.2825
2009-03-16,2.2697
2009-03-13,2.3004
2009-03-12,2.315
2009-03-11,2.3358
2009-03-10,2.3507
2009-03-09,2.3773
2009-03-06,2.376
2009-03-05,2.3814
2009-03-04,2.3909
2009-03-03,2.421
2009-03-02,2.4113
2009-02-27,2.3776
2009-02-26,2.3495
2009-02-25,2.3806
2009-02-20,2.3908
2009-02-19,2.3241
2009-02-18,2.3388
2009-02-17,2.3123
2009-02-16,2.2711
2009-02-13,2.2672
2009-02-12,2.2901
2009-02-11,2.2862
2009-02-10,2.252
2009-02-09,2.2438
2009-02-06,2.265
2009-02-05,2.3057
2009-02-04,2.2986
2009-02-03,2.3136
2009-02-02,2.3467
2009-01-30,2.3154
2009-01-29,2.2753
2009-01-28,2.2974
2009-01-27,2.3101
2009-01-26,2.3141
2009-01-23,2.356
2009-01-22,2.3291
2009-01-21,2.3536
2009-01-20,2.354
2009-01-19,2.3298
2009-01-16,2.324
2009-01-15,2.3795
2009-01-14,2.3333
2009-01-13,2.3075
2009-01-12,2.2961
2009-01-09,2.2859
2009-01-08,2.2675
2009-01-07,2.2166
2009-01-06,2.1881
2009-01-05,2.2772
2009-01-02,2.329
2008-12-30,2.3362
2008-12-29,2.3948
2008-12-26,2.3605
2008-12-23,2.3743
2008-12-22,2.3732
2008-12-19,2.3851
2008-12-18,2.3564
2008-12-17,2.3568
2008-12-16,2.3775
2008-12-15,2.3682
2008-12-12,2.3912
2008-12-11,2.3389
2008-12-10,2.4675
2008-12-09,2.4821
2008-12-08,2.4681
2008-12-05,2.4996
2008-12-04,2.4897
2008-12-03,2.4205
2008-12-02,2.3449
2008-12-01,2.3557
2008-11-28,2.3323
2008-11-27,2.2649
2008-11-26,2.3213
2008-11-25,2.3048
2008-11-24,2.3492
2008-11-21,2.4269
2008-11-20,2.3954
2008-11-19,2.3758
2008-11-18,2.2988
2008-11-17,2.2932
2008-11-14,2.2792
2008-11-13,2.3306
2008-11-12,2.2624
2008-11-11,2.2002
2008-11-10,2.1327
2008-11-07,2.1605
2008-11-06,2.1585
2008-11-05,2.1202
2008-11-04,2.1219
2008-11-03,2.181
2008-10-31,2.1145
2008-10-30,2.1143
2008-10-29,2.1312
2008-10-28,2.1692
2008-10-27,2.2516
2008-10-24,2.3104
2008-10-23,2.3139
2008-10-22,2.3642
2008-10-21,2.1933
2008-10-20,2.1166
2008-10-17,2.1012
2008-10-16,2.1846
2008-10-15,2.1543
2008-10-14,2.0781
2008-10-13,2.1554
2008-10-10,2.2872
2008-10-09,2.181
2008-10-08,2.3916
2008-10-07,2.1875
2008-10-06,2.1761
2008-10-03,2.0532
2008-10-02,2.0073
2008-10-01,1.9205
2008-09-30,1.9135
2008-09-29,1.9551
2008-09-26,1.8547
2008-09-25,1.8269
2008-09-24,1.8437
2008-09-23,1.8234
2008-09-22,1.7981
2008-09-19,1.839
2008-09-18,1.9151
2008-09-17,1.8652
2008-09-16,1.8402
2008-09-15,1.8117
2008-09-12,1.7904
2008-09-11,1.8247
2008-09-10,1.785
2008-09-09,1.7536
2008-09-08,1.7274
2008-09-05,1.7297
2008-09-04,1.7002
2008-09-03,1.672
2008-09-02,1.6594
2008-09-01,1.6439
2008-08-29,1.6336
2008-08-28,1.6254
2008-08-27,1.6205
2008-08-26,1.6367
2008-08-25,1.6267
2008-08-22,1.6209
2008-08-21,1.6135
2008-08-20,1.6199
2008-08-19,1.6335
2008-08-18,1.6341
2008-08-15,1.6381
2008-08-14,1.6196
2008-08-13,1.6203
2008-08-12,1.6153
2008-08-11,1.614
2008-08-08,1.6128
2008-08-07,1.5835
2008-08-06,1.5774
2008-08-05,1.5724
2008-08-04,1.5651
2008-08-01,1.5585
2008-07-31,1.5658
2008-07-30,1.5633
2008-07-29,1.5722
2008-07-28,1.5746
2008-07-25,1.5737
2008-07-24,1.5773
2008-07-23,1.5826
2008-07-22,1.5803
2008-07-21,1.581
2008-07-18,1.593
2008-07-17,1.5905
2008-07-16,1.5952
2008-07-15,1.5902
2008-07-14,1.5934
2008-07-11,1.6024
2008-07-10,1.6139
2008-07-09,1.6084
2008-07-08,1.6019
2008-07-07,1.6033
2008-07-04,1.6092
2008-07-03,1.6081
2008-07-02,1.5985
2008-07-01,1.6053
2008-06-30,1.5911
2008-06-27,1.6069
2008-06-26,1.5943
2008-06-25,1.5993
2008-06-24,1.6038
2008-06-23,1.6109
2008-06-20,1.6034
2008-06-19,1.6043
2008-06-18,1.6105
2008-06-17,1.6119
2008-06-16,1.6269
2008-06-13,1.636
2008-06-12,1.6392
2008-06-11,1.642
2008-06-10,1.6384
2008-06-09,1.6257
2008-06-06,1.6274
2008-06-05,1.6254
2008-06-04,1.6299
2008-06-03,1.627
2008-06-02,1.629
2008-05-30,1.6286
2008-05-29,1.6488
2008-05-28,1.6622
2008-05-27,1.6673
2008-05-26,1.6602
2008-05-23,1.6539
2008-05-21,1.6484
2008-05-20,1.6562
2008-05-19,1.6452
2008-05-16,1.6426
2008-05-15,1.6593
2008-05-14,1.6633
2008-05-13,1.6575
2008-05-12,1.6735
2008-05-09,1.6941
2008-05-08,1.6928
2008-05-07,1.6733
2008-05-06,1.6607
2008-05-05,1.657
2008-05-02,1.6498
2008-04-30,1.6864
2008-04-29,1.705
2008-04-28,1.6756
2008-04-25,1.668
2008-04-24,1.6679
2008-04-23,1.6574
2008-04-22,1.6567
2008-04-18,1.6685
2008-04-17,1.658
2008-04-16,1.6691
2008-04-15,1.6814
2008-04-14,1.6859
2008-04-11,1.6868
2008-04-10,1.6814
2008-04-09,1.687
2008-04-08,1.703
2008-04-07,1.6982
2008-04-04,1.7109
2008-04-03,1.7244
2008-04-02,1.7265
2008-04-01,1.7526
2008-03-31,1.7483
2008-03-28,1.7448
2008-03-27,1.7337
2008-03-26,1.728
2008-03-25,1.7333
2008-03-24,1.7399
2008-03-20,1.7416
2008-03-19,1.7037
2008-03-18,1.6999
2008-03-17,1.724
2008-03-14,1.6939
2008-03-13,1.6963
2008-03-12,1.6788
2008-03-11,1.6939
2008-03-10,1.6988
2008-03-07,1.6833
2008-03-06,1.6712
2008-03-05,1.6692
2008-03-04,1.6722
2008-03-03,1.6808
2008-02-29,1.6825
2008-02-28,1.6715
2008-02-27,1.6707
2008-02-26,1.6874
2008-02-25,1.7054
2008-02-22,1.7032
2008-02-21,1.7096
2008-02-20,1.7343
2008-02-19,1.7321
2008-02-18,1.7386
2008-02-15,1.7533
2008-02-14,1.7461
2008-02-13,1.7451
2008-02-12,1.747
2008-02-11,1.7593
2008-02-08,1.7673
2008-02-07,1.7619
2008-02-06,1.7523
2008-02-01,1.7443
2008-01-31,1.7595
2008-01-30,1.7794
2008-01-29,1.7754
2008-01-28,1.7898
2008-01-25,1.7904
2008-01-24,1.7875
2008-01-23,1.8139
2008-01-22,1.8033
2008-01-21,1.8293
2008-01-18,1.7842
2008-01-17,1.7679
2008-01-16,1.7622
2008-01-15,1.7442
2008-01-14,1.7406
2008-01-11,1.7528
2008-01-10,1.762
2008-01-09,1.7683
2008-01-08,1.7546
2008-01-07,1.7667
2008-01-04,1.7566
2008-01-03,1.7561
2008-01-02,1.7714
2007-12-31,1.7705
2007-12-28,1.7705
2007-12-27,1.7663
2007-12-26,1.7787
2007-12-24,1.7901
2007-12-21,1.7958
2007-12-20,1.8024
2007-12-19,1.8011
2007-12-18,1.8083
2007-12-17,1.8115
2007-12-14,1.7951
2007-12-13,1.7738
2007-12-12,1.7616
2007-12-11,1.7642
2007-12-10,1.7612
2007-12-07,1.7608
2007-12-06,1.7865
2007-12-05,1.7948
2007-12-04,1.8225
2007-12-03,1.788
2007-11-30,1.7829
2007-11-29,1.7897
2007-11-28,1.801
2007-11-27,1.8493
2007-11-26,1.8102
2007-11-23,1.7954
2007-11-22,1.7739
2007-11-21,1.7858
2007-11-20,1.7639
2007-11-19,1.7585
2007-11-16,1.7406
2007-11-14,1.737
2007-11-13,1.7674
2007-11-12,1.7732
2007-11-09,1.7482
2007-11-08,1.7346
2007-11-07,1.7392
2007-11-06,1.7317
2007-11-05,1.7548
2007-11-01,1.7452
2007-10-31,1.7432
2007-10-30,1.7544
2007-10-29,1.7587
2007-10-26,1.7744
2007-10-25,1.7888
2007-10-24,1.7961
2007-10-23,1.7999
2007-10-22,1.8198
2007-10-19,1.7956
2007-10-18,1.8063
2007-10-17,1.813
2007-10-16,1.8234
2007-10-15,1.807
2007-10-11,1.7912
2007-10-10,1.804
2007-10-09,1.81
2007-10-08,1.8125
2007-10-05,1.8084
2007-10-04,1.8276
2007-10-03,1.8266
2007-10-02,1.8227
2007-10-01,1.8217
2007-09-28,1.8381
2007-09-27,1.8401
2007-09-26,1.8485
2007-09-25,1.8648
2007-09-24,1.8686
2007-09-21,1.861
2007-09-20,1.8629
2007-09-19,1.8631
2007-09-18,1.8952
2007-09-17,1.9115
2007-09-14,1.9023
2007-09-13,1.8983
2007-09-12,1.9117
2007-09-11,1.9296
2007-09-10,1.9583
2007-09-06,1.9537
2007-09-05,1.9632
2007-09-04,1.952
2007-09-03,1.9539
2007-08-31,1.9612
2007-08-30,1.9769
2007-08-29,1.9856
2007-08-28,1.9841
2007-08-27,1.9481
2007-08-24,1.9847
2007-08-23,1.9931
2007-08-22,2.0165
2007-08-21,2.0377
2007-08-20,2.0272
2007-08-17,2.0368
2007-08-16,2.1116
2007-08-15,2.0035
2007-08-14,1.9801
2007-08-13,1.9403
2007-08-10,1.9542
2007-08-09,1.9183
2007-08-08,1.8858
2007-08-07,1.9069
2007-08-06,1.9098
2007-08-03,1.8806
2007-08-02,1.8721
2007-08-01,1.8848
2007-07-31,1.8768
2007-07-30,1.8801
2007-07-27,1.9061
2007-07-26,1.9046
2007-07-25,1.8635
2007-07-24,1.8517
2007-07-23,1.844
2007-07-20,1.8598
2007-07-19,1.8528
2007-07-18,1.8601
2007-07-17,1.8613
2007-07-16,1.8639
2007-07-13,1.8676
2007-07-12,1.8759
2007-07-11,1.8892
2007-07-10,1.8939
2007-07-09,1.8984
2007-07-06,1.9025
2007-07-05,1.9149
2007-07-04,1.9091
2007-07-03,1.9114
2007-07-02,1.9168
2007-06-29,1.9254
2007-06-28,1.9248
2007-06-27,1.9491
2007-06-26,1.948
2007-06-25,1.9371
2007-06-22,1.9326
2007-06-21,1.9189
2007-06-20,1.919
2007-06-19,1.91
2007-06-18,1.9
2007-06-15,1.9089
2007-06-14,1.9295
2007-06-13,1.9434
2007-06-12,1.9412
2007-06-11,1.9465
2007-06-08,1.963
2007-06-06,1.9609
2007-06-05,1.9387
2007-06-04,1.9207
2007-06-01,1.9048
2007-05-31,1.9281
2007-05-30,1.946
2007-05-29,1.9453
2007-05-28,1.9433
2007-05-25,1.9512
2007-05-24,1.9645
2007-05-23,1.9481
2007-05-22,1.9401
2007-05-21,1.9427
2007-05-18,1.9622
2007-05-17,1.9565
2007-05-16,1.9578
2007-05-15,1.9914
2007-05-14,2.013
2007-05-11,2.0186
2007-05-10,2.0209
2007-05-09,2.0214
2007-05-08,2.0218
2007-05-07,2.0258
2007-05-04,2.0301
2007-05-03,2.0231
2007-05-02,2.026
2007-04-30,2.0331
2007-04-27,2.0313
2007-04-26,2.0244
2007-04-25,2.0228
2007-04-24,2.0377
2007-04-23,2.0282
2007-04-20,2.0254
2007-04-19,2.0304
2007-04-18,2.0357
2007-04-17,2.034
2007-04-16,2.0332
2007-04-13,2.0223
2007-04-12,2.0363
2007-04-11,2.0325
2007-04-10,2.0274
2007-04-09,2.0228
2007-04-05,2.0325
2007-04-04,2.0313
2007-04-03,2.0364
2007-04-02,2.047
2007-03-30,2.0496
2007-03-29,2.0537
2007-03-28,2.0708
2007-03-27,2.0629
2007-03-26,2.0593
2007-03-23,2.0644
2007-03-22,2.0594
2007-03-21,2.0668
2007-03-20,2.0755
2007-03-19,2.0784
2007-03-16,2.0907
2007-03-15,2.0901
2007-03-14,2.1036
2007-03-13,2.0954
2007-03-12,2.0894
2007-03-09,2.0975
2007-03-08,2.1046
2007-03-07,2.1113
2007-03-06,2.1201
2007-03-05,2.138
2007-03-02,2.1266
2007-03-01,2.1252
2007-02-28,2.1174
2007-02-27,2.1091
2007-02-26,2.0855
2007-02-23,2.086
2007-02-22,2.0758
2007-02-21,2.0794
2007-02-16,2.0905
2007-02-15,2.0888
2007-02-14,2.0992
2007-02-13,2.108
2007-02-12,2.1132
2007-02-09,2.1025
2007-02-08,2.0943
2007-02-07,2.0844
2007-02-06,2.0825
2007-02-05,2.0956
2007-02-02,2.0974
2007-02-01,2.1085
2007-01-31,2.1239
2007-01-30,2.1321
2007-01-29,2.1352
2007-01-26,2.1352
2007-01-25,2.1273
2007-01-24,2.1278
2007-01-23,2.136
2007-01-22,2.1319
2007-01-19,2.1399
2007-01-18,2.1321
2007-01-17,2.1342
2007-01-16,2.1436
2007-01-15,2.1399
2007-01-12,2.1413
2007-01-11,2.1457
2007-01-10,2.1548
2007-01-09,2.1498
2007-01-08,2.1497
2007-01-05,2.1466
2007-01-04,2.1421
2007-01-03,2.1364
2007-01-02,2.1334
2006-12-29,2.1372
2006-12-28,2.1372
2006-12-27,2.1489
2006-12-26,2.1429
2006-12-22,2.151
2006-12-20,2.1552
2006-12-19,2.1564
2006-12-18,2.1462
2006-12-15,2.1462
2006-12-14,2.1452
2006-12-13,2.1451
2006-12-12,2.1473
2006-12-11,2.1376
2006-12-08,2.1434
2006-12-07,2.142
2006-12-06,2.152
2006-12-05,2.1552
2006-12-04,2.1685
2006-12-01,2.1664
2006-11-30,2.166
2006-11-29,2.1775
2006-11-28,2.1862
2006-11-27,2.1792
2006-11-24,2.1692
2006-11-23,2.1675
2006-11-22,2.1615
2006-11-21,2.163
2006-11-20,2.1614
2006-11-17,2.1585
2006-11-16,2.1509
2006-11-14,2.1529
2006-11-13,2.1612
2006-11-10,2.1481
2006-11-09,2.1404
2006-11-08,2.1456
2006-11-07,2.1345
2006-11-06,2.137
2006-11-03,2.1412
2006-11-01,2.1402
2006-10-31,2.1422
2006-10-30,2.1448
2006-10-27,2.137
2006-10-26,2.1355
2006-10-25,2.1502
2006-10-24,2.1459
2006-10-23,2.1383
2006-10-20,2.1449
2006-10-19,2.1379
2006-10-18,2.1331
2006-10-17,2.1353
2006-10-16,2.1323
2006-10-13,2.1411
2006-10-11,2.1538
2006-10-10,2.1489
2006-10-09,2.158
2006-10-06,2.1621
2006-10-05,2.1621
2006-10-04,2.1668
2006-10-03,2.1647
2006-10-02,2.1615
2006-09-29,2.1734
2006-09-28,2.1785
2006-09-27,2.1852
2006-09-26,2.1972
2006-09-25,2.218
2006-09-22,2.2169
2006-09-21,2.1961
2006-09-20,2.1682
2006-09-19,2.151
2006-09-18,2.1445
2006-09-15,2.1532
2006-09-14,2.1585
2006-09-13,2.1692
2006-09-12,2.1724
2006-09-11,2.1743
2006-09-08,2.1574
2006-09-06,2.1435
2006-09-05,2.128
2006-09-04,2.1274
2006-09-01,2.146
2006-08-31,2.138
2006-08-30,2.1322
2006-08-29,2.1411
2006-08-28,2.1465
2006-08-25,2.1563
2006-08-24,2.1515
2006-08-23,2.1346
2006-08-22,2.1347
2006-08-21,2.1353
2006-08-18,2.1448
2006-08-17,2.1357
2006-08-16,2.1321
2006-08-15,2.1472
2006-08-14,2.1597
2006-08-11,2.1608
2006-08-10,2.162
2006-08-09,2.1679
2006-08-08,2.1831
2006-08-07,2.1785
2006-08-04,2.1712
2006-08-03,2.1827
2006-08-02,2.1813
2006-08-01,2.1897
2006-07-31,2.1754
2006-07-28,2.1792
2006-07-27,2.1891
2006-07-26,2.1976
2006-07-25,2.1985
2006-07-24,2.1908
2006-07-21,2.1927
2006-07-20,2.1887
2006-07-19,2.1802
2006-07-18,2.1954
2006-07-17,2.2118
2006-07-14,2.2122
2006-07-13,2.2098
2006-07-12,2.1907
2006-07-11,2.1851
2006-07-10,2.1742
2006-07-07,2.1757
2006-07-06,2.1832
2006-07-05,2.1947
2006-07-04,2.1638
2006-07-03,2.1693
2006-06-30,2.1635
2006-06-29,2.2055
2006-06-28,2.2254
2006-06-27,2.2307
2006-06-26,2.2251
2006-06-23,2.2454
2006-06-22,2.2383
2006-06-21,2.237
2006-06-20,2.2498
2006-06-19,2.2396
2006-06-16,2.2513
2006-06-14,2.2837
2006-06-13,2.301
2006-06-12,2.2699
2006-06-09,2.2607
2006-06-08,2.2693
2006-06-07,2.2492
2006-06-06,2.2678
2006-06-05,2.2549
2006-06-02,2.2587
2006-06-01,2.2705
2006-05-31,2.2997
2006-05-30,2.3227
2006-05-29,2.2558
2006-05-26,2.2512
2006-05-25,2.3142
2006-05-24,2.3703
2006-05-23,2.2593
2006-05-22,2.2875
2006-05-19,2.1922
2006-05-18,2.1825
2006-05-17,2.1818
2006-05-16,2.1395
2006-05-15,2.1766
2006-05-12,2.1299
2006-05-11,2.0873
2006-05-10,2.0578
2006-05-09,2.0634
2006-05-08,2.0643
2006-05-05,2.0579
2006-05-04,2.0659
2006-05-03,2.0698
2006-05-02,2.071
2006-04-28,2.0884
2006-04-27,2.1128
2006-04-26,2.1216
2006-04-25,2.1225
2006-04-24,2.1174
2006-04-20,2.1228
2006-04-19,2.1135
2006-04-18,2.1284
2006-04-17,2.1335
2006-04-13,2.1428
2006-04-12,2.1328
2006-04-11,2.1412
2006-04-10,2.1514
2006-04-07,2.1401
2006-04-06,2.1291
2006-04-05,2.1336
2006-04-04,2.1285
2006-04-03,2.1534
2006-03-31,2.1716
2006-03-30,2.1944
2006-03-29,2.222
2006-03-28,2.223
2006-03-27,2.1796
2006-03-24,2.162
2006-03-23,2.1498
2006-03-22,2.1545
2006-03-21,2.1583
2006-03-20,2.1378
2006-03-17,2.118
2006-03-16,2.1059
2006-03-15,2.1207
2006-03-14,2.1261
2006-03-13,2.1341
2006-03-10,2.1439
2006-03-09,2.1607
2006-03-08,2.177
2006-03-07,2.1674
2006-03-06,2.1253
2006-03-03,2.1147
2006-03-02,2.1126
2006-03-01,2.1173
2006-02-24,2.1347
2006-02-23,2.1345
2006-02-22,2.1476
2006-02-21,2.1289
2006-02-20,2.1174
2006-02-17,2.1178
2006-02-16,2.1169
2006-02-15,2.1367
2006-02-14,2.1427
2006-02-13,2.1613
2006-02-10,2.1567
2006-02-09,2.177
2006-02-08,2.1948
2006-02-07,2.1858
2006-02-06,2.1869
2006-02-03,2.2194
2006-02-02,2.2202
2006-02-01,2.2209
2006-01-31,2.2152
2006-01-30,2.2108
2006-01-27,2.2144
2006-01-26,2.2374
2006-01-25,2.2425
2006-01-24,2.2432
2006-01-23,2.2601
2006-01-20,2.2748
2006-01-19,2.3217
2006-01-18,2.3268
2006-01-17,2.2916
2006-01-16,2.2754
2006-01-13,2.2739
2006-01-12,2.2721
2006-01-11,2.2671
2006-01-10,2.263
2006-01-09,2.2624
2006-01-06,2.2862
2006-01-05,2.2817
2006-01-04,2.3058
2006-01-03,2.3452
2006-01-02,2.3362
2005-12-30,2.3399
2005-12-29,2.3399
2005-12-28,2.3475
2005-12-27,2.3518
2005-12-26,2.3317
2005-12-23,2.3319
2005-12-22,2.3246
2005-12-21,2.316
2005-12-20,2.3489
2005-12-19,2.3727
2005-12-16,2.3348
2005-12-15,2.2949
2005-12-14,2.2771
2005-12-13,2.2557
2005-12-12,2.2626
2005-12-09,2.2438
2005-12-08,2.2119
2005-12-07,2.1792
2005-12-06,2.1799
2005-12-05,2.196
2005-12-02,2.2053
2005-12-01,2.2169
2005-11-30,2.2062
2005-11-29,2.1972
2005-11-28,2.2086
2005-11-25,2.2321
2005-11-24,2.2362
2005-11-23,2.2372
2005-11-22,2.2503
2005-11-21,2.2173
2005-11-18,2.2179
2005-11-17,2.1858
2005-11-16,2.1966
2005-11-14,2.1982
2005-11-11,2.1625
2005-11-10,2.1749
2005-11-09,2.1709
2005-11-08,2.2024
2005-11-07,2.2005
2005-11-04,2.2223
2005-11-03,2.2328
2005-11-01,2.2508
2005-10-31,2.2535
2005-10-28,2.2783
2005-10-27,2.2843
2005-10-26,2.2738
2005-10-25,2.261
2005-10-24,2.2615
2005-10-21,2.2538
2005-10-20,2.2435
2005-10-19,2.2527
2005-10-18,2.2397
2005-10-17,2.2344
2005-10-14,2.2503
2005-10-13,2.2619
2005-10-11,2.2343
2005-10-10,2.2376
2005-10-07,2.2622
2005-10-06,2.2878
2005-10-05,2.2677
2005-10-04,2.2416
2005-10-03,2.2331
2005-09-30,2.2214
2005-09-29,2.2236
2005-09-28,2.2425
2005-09-27,2.2525
2005-09-26,2.2575
2005-09-23,2.2674
2005-09-22,2.2744
2005-09-21,2.2819
2005-09-20,2.294
2005-09-19,2.2897
2005-09-16,2.2929
2005-09-15,2.3004
2005-09-14,2.3292
2005-09-13,2.3261
2005-09-12,2.3189
2005-09-09,2.3167
2005-09-08,2.319
2005-09-06,2.3254
2005-09-05,2.3287
2005-09-02,2.3421
2005-09-01,2.3615
2005-08-31,2.3629
2005-08-30,2.3853
2005-08-29,2.3979
2005-08-26,2.4121
2005-08-25,2.4195
2005-08-24,2.4227
2005-08-23,2.4089
2005-08-22,2.402
2005-08-19,2.4308
2005-08-18,2.3629
2005-08-17,2.3484
2005-08-16,2.3434
2005-08-15,2.3414
2005-08-12,2.375
2005-08-11,2.3161
2005-08-10,2.2759
2005-08-09,2.3143
2005-08-08,2.3092
2005-08-05,2.2978
2005-08-04,2.3046
2005-08-03,2.3143
2005-08-02,2.3522
2005-08-01,2.3777
2005-07-29,2.3897
2005-07-28,2.4203
2005-07-27,2.4431
2005-07-26,2.4648
2005-07-25,2.4279
2005-07-22,2.3753
2005-07-21,2.3397
2005-07-20,2.3514
2005-07-19,2.3426
2005-07-18,2.3296
2005-07-15,2.3419
2005-07-14,2.3425
2005-07-13,2.3474
2005-07-12,2.3345
2005-07-11,2.3494
2005-07-08,2.3675
2005-07-07,2.3882
2005-07-06,2.3893
2005-07-05,2.366
2005-07-04,2.3707
2005-07-01,2.3451
2005-06-30,2.3496
2005-06-29,2.3541
2005-06-28,2.3686
2005-06-27,2.3822
2005-06-24,2.3869
2005-06-23,2.3924
2005-06-22,2.3695
2005-06-21,2.3764
2005-06-20,2.3847
2005-06-17,2.3865
2005-06-16,2.4153
2005-06-15,2.4447
2005-06-14,2.4367
2005-06-13,2.4555
2005-06-10,2.4743
2005-06-09,2.4883
2005-06-08,2.4456
2005-06-07,2.4624
2005-06-06,2.4568
2005-06-03,2.4021
2005-06-02,2.4194
2005-06-01,2.4278
2005-05-31,2.403
2005-05-30,2.3776
2005-05-27,2.3926
2005-05-25,2.4305
2005-05-24,2.4305
2005-05-23,2.4291
2005-05-20,2.4485
2005-05-19,2.445
2005-05-18,2.4628
2005-05-17,2.4771
2005-05-16,2.4764
2005-05-13,2.4707
2005-05-12,2.464
2005-05-11,2.4711
2005-05-10,2.4642
2005-05-09,2.453
2005-05-06,2.4586
2005-05-05,2.4679
2005-05-04,2.4757
2005-05-03,2.4999
2005-05-02,2.5138
2005-04-29,2.5305
2005-04-28,2.5209
2005-04-27,2.5187
2005-04-26,2.5347
2005-04-25,2.53
2005-04-22,2.5384
2005-04-20,2.5637
2005-04-19,2.5817
2005-04-18,2.6149
2005-04-15,2.5963
2005-04-14,2.5739
2005-04-13,2.559
2005-04-12,2.5891
2005-04-11,2.5775
2005-04-08,2.5934
2005-04-07,2.6011
2005-04-06,2.6059
2005-04-05,2.6247
2005-04-04,2.659
2005-04-01,2.6542
2005-03-31,2.6654
2005-03-30,2.68
2005-03-29,2.7032
2005-03-28,2.7377
2005-03-24,2.7295
2005-03-23,2.7395
2005-03-22,2.7052
2005-03-21,2.728
2005-03-18,2.7155
2005-03-17,2.7514
2005-03-16,2.7562
2005-03-15,2.7613
2005-03-14,2.7515
2005-03-11,2.7013
2005-03-10,2.7311
2005-03-09,2.7105
2005-03-08,2.6926
2005-03-07,2.6616
2005-03-04,2.6607
2005-03-03,2.669
2005-03-02,2.636
2005-03-01,2.6003
2005-02-28,2.5942
2005-02-25,2.6312
2005-02-24,2.609
2005-02-23,2.5849
2005-02-22,2.5929
2005-02-21,2.5754
2005-02-18,2.5613
2005-02-17,2.5729
2005-02-16,2.5918
2005-02-15,2.5754
2005-02-14,2.5826
2005-02-11,2.6165
2005-02-10,2.6114
2005-02-09,2.607
2005-02-04,2.6022
2005-02-03,2.6026
2005-02-02,2.6232
2005-02-01,2.6122
2005-01-31,2.624
2005-01-28,2.6579
2005-01-27,2.6637
2005-01-26,2.674
2005-01-25,2.6786
2005-01-24,2.6772
2005-01-21,2.6786
2005-01-20,2.7214
2005-01-19,2.7177
2005-01-18,2.7131
2005-01-17,2.6999
2005-01-14,2.7066
2005-01-13,2.7003
2005-01-12,2.7105
2005-01-11,2.7098
2005-01-10,2.6965
2005-01-07,2.7024
2005-01-06,2.7199
2005-01-05,2.7088
2005-01-04,2.6879
2005-01-03,2.6674
2004-12-31,2.6536
2004-12-30,2.6536
2004-12-29,2.6828
2004-12-28,2.6887
2004-12-27,2.6975
2004-12-24,2.6904
2004-12-23,2.7059
2004-12-22,2.6982
2004-12-21,2.6884
2004-12-20,2.6919
2004-12-17,2.7239
2004-12-16,2.7285
2004-12-15,2.75
2004-12-14,2.7572
2004-12-13,2.7689
2004-12-10,2.7859
2004-12-09,2.7736
2004-12-08,2.7656
2004-12-07,2.7314
2004-12-06,2.7178
2004-12-03,2.7087
2004-12-02,2.7231
2004-12-01,2.7137
2004-11-30,2.7299
2004-11-29,2.7394
2004-11-26,2.7324
2004-11-25,2.7503
2004-11-24,2.7477
2004-11-23,2.7438
2004-11-22,2.7672
2004-11-19,2.7629
2004-11-18,2.7595
2004-11-17,2.7666
2004-11-16,2.7848
2004-11-12,2.7983
2004-11-11,2.8192
2004-11-10,2.8201
2004-11-09,2.8279
2004-11-08,2.8291
2004-11-05,2.8178
2004-11-04,2.8203
2004-11-03,2.8296
2004-11-01,2.8582
2004-10-29,2.8557
2004-10-28,2.8647
2004-10-27,2.8577
2004-10-26,2.8721
2004-10-25,2.8809
2004-10-22,2.8481
2004-10-21,2.8527
2004-10-20,2.8839
2004-10-19,2.8698
2004-10-18,2.8539
2004-10-15,2.8615
2004-10-14,2.8623
2004-10-13,2.8366
2004-10-11,2.831
2004-10-08,2.8243
2004-10-07,2.851
2004-10-06,2.8354
2004-10-05,2.8233
2004-10-04,2.8257
2004-10-01,2.8505
2004-09-30,2.8578
2004-09-29,2.8594
2004-09-28,2.8684
2004-09-27,2.872
2004-09-24,2.8727
2004-09-23,2.8717
2004-09-22,2.8669
2004-09-21,2.8729
2004-09-20,2.8668
2004-09-17,2.8736
2004-09-16,2.8884
2004-09-15,2.9034
2004-09-14,2.9117
2004-09-13,2.9052
2004-09-10,2.898
2004-09-09,2.902
2004-09-08,2.9006
2004-09-06,2.9134
2004-09-03,2.9281
2004-09-02,2.9353
2004-09-01,2.929
2004-08-31,2.933
2004-08-30,2.948
2004-08-27,2.9563
2004-08-26,2.9533
2004-08-25,2.9504
2004-08-24,2.9568
2004-08-23,2.9679
2004-08-20,2.9734
2004-08-19,2.9785
2004-08-18,2.9914
2004-08-17,2.9981
2004-08-16,3.0138
2004-08-13,3.0227
2004-08-12,3.0299
2004-08-11,3.0384
2004-08-10,3.0277
2004-08-09,3.0388
2004-08-06,3.0481
2004-08-05,3.0629
2004-08-04,3.0571
2004-08-03,3.0542
2004-08-02,3.0458
2004-07-30,3.026
2004-07-29,3.0366
2004-07-28,3.0549
2004-07-27,3.0662
2004-07-26,3.0565
2004-07-23,3.0457
2004-07-22,3.0384
2004-07-21,3.0239
2004-07-20,3.0033
2004-07-19,2.9931
2004-07-16,3.0013
2004-07-15,3.0207
2004-07-14,3.0276
2004-07-13,3.0412
2004-07-12,3.0363
2004-07-09,3.042
2004-07-08,3.0467
2004-07-07,3.0359
2004-07-06,3.041
2004-07-05,3.0308
2004-07-02,3.0494
2004-07-01,3.0739
2004-06-30,3.1067
2004-06-29,3.1175
2004-06-28,3.1239
2004-06-25,3.1088
2004-06-24,3.1022
2004-06-23,3.125
2004-06-22,3.1333
2004-06-21,3.129
2004-06-18,3.138
2004-06-17,3.1272
2004-06-16,3.1397
2004-06-15,3.1372
2004-06-14,3.1643
2004-06-11,3.1394
2004-06-09,3.1158
2004-06-08,3.1147
2004-06-07,3.1111
2004-06-04,3.1327
2004-06-03,3.1435
2004-06-02,3.1294
2004-06-01,3.1559
2004-05-31,3.1283
2004-05-28,3.0953
2004-05-27,3.1516
2004-05-26,3.1562
2004-05-25,3.1568
2004-05-24,3.179
2004-05-21,3.2043
2004-05-20,3.1805
2004-05-19,3.1051
2004-05-18,3.1161
2004-05-17,3.1212
2004-05-14,3.0974
2004-05-13,3.1271
2004-05-12,3.1203
2004-05-11,3.1043
2004-05-10,3.1241
2004-05-07,3.0496
2004-05-06,2.9891
2004-05-05,2.9608
2004-05-04,2.9688
2004-05-03,2.9561
2004-04-30,2.9439
2004-04-29,2.9514
2004-04-28,2.9327
2004-04-27,2.9153
2004-04-26,2.9077
2004-04-23,2.9165
2004-04-22,2.9297
2004-04-20,2.9178
2004-04-19,2.9093
2004-04-16,2.9145
2004-04-15,2.9056
2004-04-14,2.8948
2004-04-13,2.8851
2004-04-12,2.8847
2004-04-08,2.8794
2004-04-07,2.8765
2004-04-06,2.8735
2004-04-05,2.8843
2004-04-02,2.8922
2004-04-01,2.8896
2004-03-31,2.9078
2004-03-30,2.9208
2004-03-29,2.9357
2004-03-26,2.9402
2004-03-25,2.9329
2004-03-24,2.9256
2004-03-23,2.9136
2004-03-22,2.9099
2004-03-19,2.8992
2004-03-18,2.9127
2004-03-17,2.9062
2004-03-16,2.8993
2004-03-15,2.9005
2004-03-12,2.9055
2004-03-11,2.9124
2004-03-10,2.8883
2004-03-09,2.875
2004-03-08,2.8744
2004-03-05,2.8782
2004-03-04,2.887
2004-03-03,2.8804
2004-03-02,2.9078
2004-03-01,2.8937
2004-02-27,2.913
2004-02-26,2.9361
2004-02-25,2.9395
2004-02-20,2.987
2004-02-19,2.9501
2004-02-18,2.9288
2004-02-17,2.9117
2004-02-16,2.9058
2004-02-13,2.9077
2004-02-12,2.9034
2004-02-11,2.9245
2004-02-10,2.919
2004-02-09,2.9333
2004-02-06,2.9492
2004-02-05,2.9327
2004-02-04,2.9098
2004-02-03,2.9318
2004-02-02,2.9478
2004-01-30,2.9401
2004-01-29,2.9228
2004-01-28,2.8777
2004-01-27,2.8579
2004-01-26,2.8423
2004-01-23,2.8427
2004-01-22,2.8409
2004-01-21,2.8409
2004-01-20,2.8374
2004-01-19,2.8411
2004-01-16,2.8176
2004-01-15,2.8118
2004-01-14,2.8134
2004-01-13,2.8014
2004-01-12,2.8155
2004-01-09,2.8414
2004-01-08,2.858
2004-01-07,2.8715
2004-01-06,2.85
2004-01-05,2.8619
2004-01-02,2.8854
