data,close
2020-03-27,24.93
2020-03-26,26.34
2020-03-25,27.39
2020-03-24,27.15
2020-03-23,27.03
2020-03-20,26.98
2020-03-19,28.47
2020-03-18,24.88
2020-03-17,28.73
2020-03-16,30.05
2020-03-13,33.85
2020-03-12,33.22
2020-03-11,35.79
2020-03-10,37.22
2020-03-09,34.36
2020-03-06,45.27
2020-03-05,49.99
2020-03-04,51.13
2020-03-03,51.86
2020-03-02,51.9
2020-02-28,50.52
2020-02-27,52.18
2020-02-26,53.43
2020-02-25,54.95
2020-02-24,56.3
2020-02-21,58.5
2020-02-20,59.31
2020-02-19,59.12
2020-02-18,57.75
2020-02-14,57.32
2020-02-13,56.34
2020-02-12,55.79
2020-02-11,54.01
2020-02-10,53.27
2020-02-07,54.47
2020-02-06,54.93
2020-02-05,55.28
2020-02-04,53.96
2020-02-03,54.45
2020-01-31,58.16
2020-01-30,58.29
2020-01-29,59.81
2020-01-28,59.51
2020-01-27,59.32
2020-01-24,60.69
2020-01-23,62.04
2020-01-22,63.21
2020-01-21,64.59
2020-01-17,64.85
2020-01-16,64.62
2020-01-15,64.0
2020-01-14,64.49
2020-01-13,64.2
2020-01-10,64.98
2020-01-09,65.37
2020-01-08,65.44
2020-01-07,68.27
2020-01-06,68.91
2020-01-03,68.6
2020-01-02,66.25
2019-12-31,66.0
2019-12-30,68.44
2019-12-27,68.16
2019-12-26,67.92
2019-12-24,67.2
2019-12-23,66.39
2019-12-20,66.14
2019-12-19,66.54
2019-12-18,66.17
2019-12-17,66.1
2019-12-16,65.34
2019-12-13,65.22
2019-12-12,64.2
2019-12-11,63.72
2019-12-10,64.34
2019-12-09,64.25
2019-12-06,64.39
2019-12-05,63.39
2019-12-04,63.0
2019-12-03,60.82
2019-12-02,60.92
2019-11-29,62.43
2019-11-27,64.06
2019-11-26,64.27
2019-11-25,63.65
2019-11-22,63.39
2019-11-21,63.97
2019-11-20,62.4
2019-11-19,60.91
2019-11-18,62.44
2019-11-15,63.3
2019-11-14,62.28
2019-11-13,62.37
2019-11-12,62.06
2019-11-11,62.18
2019-11-08,62.51
2019-11-07,62.29
2019-11-06,61.74
2019-11-05,62.96
2019-11-04,62.13
2019-11-01,61.69
2019-10-31,60.23
2019-10-30,60.61
2019-10-29,61.59
2019-10-28,61.57
2019-10-25,62.02
2019-10-24,61.67
2019-10-23,61.17
2019-10-22,59.7
2019-10-21,58.96
2019-10-18,59.42
2019-10-17,59.91
2019-10-16,59.42
2019-10-15,58.74
2019-10-14,59.35
2019-10-11,60.51
2019-10-10,59.1
2019-10-09,58.32
2019-10-08,58.24
2019-10-07,58.35
2019-10-04,58.37
2019-10-03,57.71
2019-10-02,57.69
2019-10-01,58.89
2019-09-30,60.78
2019-09-27,61.91
2019-09-26,62.74
2019-09-25,62.39
2019-09-24,63.1
2019-09-23,64.77
2019-09-20,64.28
2019-09-19,64.4
2019-09-18,63.6
2019-09-17,64.55
2019-09-16,69.02
2019-09-13,60.22
2019-09-12,60.38
2019-09-11,60.81
2019-09-10,62.38
2019-09-09,62.59
2019-09-06,61.54
2019-09-05,60.95
2019-09-04,60.7
2019-09-03,58.26
2019-08-30,60.37
2019-08-29,61.08
2019-08-28,60.49
2019-08-27,59.51
2019-08-26,58.7
2019-08-23,59.34
2019-08-22,59.92
2019-08-21,60.3
2019-08-20,60.03
2019-08-19,59.74
2019-08-16,58.64
2019-08-15,58.23
2019-08-14,59.48
2019-08-13,61.3
2019-08-12,58.57
2019-08-09,58.53
2019-08-08,57.38
2019-08-07,56.23
2019-08-06,58.94
2019-08-05,59.81
2019-08-02,61.89
2019-08-01,60.5
2019-07-31,65.17
2019-07-30,64.72
2019-07-29,63.71
2019-07-26,63.46
2019-07-25,63.39
2019-07-24,63.18
2019-07-23,63.83
2019-07-22,63.26
2019-07-19,62.47
2019-07-18,61.93
2019-07-17,63.66
2019-07-16,64.35
2019-07-15,66.48
2019-07-12,66.72
2019-07-11,66.52
2019-07-10,67.01
2019-07-09,64.16
2019-07-08,64.11
2019-07-05,64.23
2019-07-03,63.82
2019-07-02,62.4
2019-07-01,65.06
2019-06-28,64.74
2019-06-27,66.55
2019-06-26,66.49
2019-06-25,65.05
2019-06-24,64.86
2019-06-21,65.2
2019-06-20,64.45
2019-06-19,61.82
2019-06-18,62.14
2019-06-17,60.94
2019-06-14,62.01
2019-06-13,61.31
2019-06-12,59.97
2019-06-11,62.29
2019-06-10,62.29
2019-06-07,63.29
2019-06-06,61.67
2019-06-05,60.63
2019-06-04,61.97
2019-06-03,61.28
2019-05-31,61.99
2019-05-30,66.87
2019-05-29,69.45
2019-05-28,70.11
2019-05-24,68.69
2019-05-23,67.76
2019-05-22,70.99
2019-05-21,72.18
2019-05-20,71.97
2019-05-17,72.21
2019-05-16,72.62
2019-05-15,71.77
2019-05-14,71.24
2019-05-13,70.23
2019-05-10,70.62
2019-05-09,70.39
2019-05-08,70.37
2019-05-07,69.88
2019-05-06,71.24
2019-05-03,70.85
2019-05-02,70.75
2019-05-01,72.18
2019-04-30,72.8
2019-04-29,72.04
2019-04-26,72.15
2019-04-25,74.35
2019-04-24,74.57
2019-04-23,74.51
2019-04-22,74.04
2019-04-18,71.97
2019-04-17,71.62
2019-04-16,71.72
2019-04-15,71.18
2019-04-12,71.55
2019-04-11,70.83
2019-04-10,71.73
2019-04-09,70.61
2019-04-08,71.1
2019-04-05,70.34
2019-04-04,69.4
2019-04-03,69.31
2019-04-02,69.37
2019-04-01,69.01
2019-03-29,67.58
2019-03-28,67.82
2019-03-27,67.83
2019-03-26,67.97
2019-03-25,67.21
2019-03-22,67.03
2019-03-21,67.86
2019-03-20,68.5
2019-03-19,67.61
2019-03-18,67.54
2019-03-15,67.16
2019-03-14,67.23
2019-03-13,67.55
2019-03-12,66.67
2019-03-11,66.58
2019-03-08,65.74
2019-03-07,66.3
2019-03-06,65.99
2019-03-05,65.86
2019-03-04,65.67
2019-03-01,65.07
2019-02-28,66.03
2019-02-27,66.39
2019-02-26,65.21
2019-02-25,64.76
2019-02-22,67.12
2019-02-21,67.07
2019-02-20,67.08
2019-02-19,66.45
2019-02-15,66.25
2019-02-14,64.57
2019-02-13,63.61
2019-02-12,62.42
2019-02-11,61.51
2019-02-08,62.1
2019-02-07,61.63
2019-02-06,62.69
2019-02-05,61.98
2019-02-04,62.51
2019-02-01,62.75
2019-01-31,61.89
2019-01-30,61.65
2019-01-29,61.32
2019-01-28,59.93
2019-01-25,61.64
2019-01-24,61.09
2019-01-23,61.14
2019-01-22,61.5
2019-01-18,62.7
2019-01-17,61.18
2019-01-16,61.32
2019-01-15,60.64
2019-01-14,58.99
2019-01-11,60.48
2019-01-10,61.68
2019-01-09,61.44
2019-01-08,58.72
2019-01-07,57.33
2019-01-04,57.06
2019-01-03,55.95
2019-01-02,54.91
2018-12-31,53.8
2018-12-28,53.21
2018-12-27,52.16
2018-12-26,54.47
2018-12-24,50.47
2018-12-21,53.82
2018-12-20,54.35
2018-12-19,57.24
2018-12-18,56.26
2018-12-17,59.61
2018-12-14,60.28
2018-12-13,61.45
2018-12-12,60.15
2018-12-11,60.2
2018-12-10,59.97
2018-12-07,61.67
2018-12-06,60.06
2018-12-05,61.56
2018-12-04,62.08
2018-12-03,61.69
2018-11-30,59.46
2018-11-29,59.51
2018-11-28,58.76
2018-11-27,60.21
2018-11-26,60.48
2018-11-23,58.8
2018-11-21,63.48
2018-11-20,62.53
2018-11-19,66.79
2018-11-16,66.76
2018-11-15,66.62
2018-11-14,66.12
2018-11-13,65.47
2018-11-12,70.12
2018-11-09,70.18
2018-11-08,70.65
2018-11-07,72.07
2018-11-06,72.13
2018-11-05,73.17
2018-11-02,72.83
2018-11-01,72.89
2018-10-31,75.47
2018-10-30,75.91
2018-10-29,77.34
2018-10-26,77.62
2018-10-25,76.89
2018-10-24,76.17
2018-10-23,76.44
2018-10-22,79.83
2018-10-19,79.78
2018-10-18,79.29
2018-10-17,80.05
2018-10-16,81.41
2018-10-15,80.78
2018-10-12,80.43
2018-10-11,80.26
2018-10-10,83.09
2018-10-09,85.0
2018-10-08,83.91
2018-10-05,84.16
2018-10-04,84.58
2018-10-03,86.29
2018-10-02,84.8
2018-10-01,84.98
2018-09-28,82.73
2018-09-27,81.72
2018-09-26,81.34
2018-09-25,81.87
2018-09-24,81.2
2018-09-21,78.8
2018-09-20,78.7
2018-09-19,79.4
2018-09-18,79.03
2018-09-17,78.05
2018-09-14,78.09
2018-09-13,78.18
2018-09-12,79.74
2018-09-11,79.06
2018-09-10,77.37
2018-09-07,76.83
2018-09-06,76.5
2018-09-05,77.27
2018-09-04,78.17
2018-08-31,77.64
2018-08-30,77.77
2018-08-29,77.14
2018-08-28,75.95
2018-08-27,76.21
2018-08-24,75.82
2018-08-23,74.73
2018-08-22,74.78
2018-08-21,72.63
2018-08-20,72.21
2018-08-17,71.83
2018-08-16,71.43
2018-08-15,70.76
2018-08-14,72.46
2018-08-13,72.61
2018-08-10,72.81
2018-08-09,72.07
2018-08-08,72.28
2018-08-07,74.65
2018-08-06,73.75
2018-08-03,73.21
2018-08-02,73.45
2018-08-01,72.39
2018-07-31,74.25
2018-07-30,74.97
2018-07-27,74.29
2018-07-26,74.54
2018-07-25,73.93
2018-07-24,73.44
2018-07-23,73.06
2018-07-20,73.07
2018-07-19,72.58
2018-07-18,72.9
2018-07-17,72.16
2018-07-16,71.84
2018-07-13,75.33
2018-07-12,74.45
2018-07-11,73.4
2018-07-10,78.86
2018-07-09,78.07
2018-07-06,77.11
2018-07-05,77.39
2018-07-03,77.76
2018-07-02,77.3
2018-06-29,79.23
2018-06-28,77.85
2018-06-27,77.62
2018-06-26,76.31
2018-06-25,74.73
2018-06-22,75.55
2018-06-21,73.05
2018-06-20,74.74
2018-06-19,75.08
2018-06-18,75.34
2018-06-15,73.44
2018-06-14,75.94
2018-06-13,76.74
2018-06-12,75.88
2018-06-11,76.46
2018-06-08,76.46
2018-06-07,77.32
2018-06-06,75.36
2018-06-05,75.38
2018-06-04,75.29
2018-06-01,76.79
2018-05-31,77.56
2018-05-30,77.5
2018-05-29,75.39
2018-05-25,76.44
2018-05-24,78.79
2018-05-23,79.8
2018-05-22,79.57
2018-05-21,79.22
2018-05-18,78.51
2018-05-17,79.3
2018-05-16,79.28
2018-05-15,78.43
2018-05-14,78.23
2018-05-11,77.12
2018-05-10,77.47
2018-05-09,77.21
2018-05-08,74.85
2018-05-07,76.17
2018-05-04,74.87
2018-05-03,73.62
2018-05-02,73.36
2018-05-01,73.13
2018-04-30,75.17
2018-04-27,74.64
2018-04-26,74.74
2018-04-25,74.0
2018-04-24,73.86
2018-04-23,74.71
2018-04-20,74.06
2018-04-19,73.78
2018-04-18,73.48
2018-04-17,71.58
2018-04-16,71.42
2018-04-13,72.58
2018-04-12,72.02
2018-04-11,72.06
2018-04-10,71.04
2018-04-09,68.65
2018-04-06,67.11
2018-04-05,68.33
2018-04-04,68.02
2018-04-03,68.12
2018-04-02,67.64
2018-03-29,69.34
2018-03-28,69.53
2018-03-27,70.11
2018-03-26,70.12
2018-03-23,70.45
2018-03-22,68.91
2018-03-21,69.47
2018-03-20,67.42
2018-03-19,66.05
2018-03-16,66.21
2018-03-15,65.12
2018-03-14,64.89
2018-03-13,64.64
2018-03-12,64.95
2018-03-09,65.49
2018-03-08,63.61
2018-03-07,64.34
2018-03-06,65.79
2018-03-05,65.54
2018-03-02,64.37
2018-03-01,63.83
2018-02-28,65.78
2018-02-27,66.63
2018-02-26,67.5
2018-02-23,67.31
2018-02-22,66.39
2018-02-21,65.42
2018-02-20,65.25
2018-02-16,64.84
2018-02-15,64.33
2018-02-14,64.36
2018-02-13,62.72
2018-02-12,62.59
2018-02-09,62.79
2018-02-08,64.81
2018-02-07,65.51
2018-02-06,66.86
2018-02-05,67.62
2018-02-02,68.58
2018-02-01,69.65
2018-01-31,69.05
2018-01-30,69.02
2018-01-29,69.46
2018-01-26,70.52
2018-01-25,70.42
2018-01-24,70.53
2018-01-23,69.96
2018-01-22,69.03
2018-01-19,68.61
2018-01-18,69.31
2018-01-17,69.38
2018-01-16,69.15
2018-01-12,69.87
2018-01-11,69.26
2018-01-10,69.2
2018-01-09,68.82
2018-01-08,67.78
2018-01-05,67.62
2018-01-04,68.07
2018-01-03,67.84
2018-01-02,66.57
2017-12-29,66.87
2017-12-28,66.72
2017-12-27,66.44
2017-12-26,67.02
2017-12-22,65.25
2017-12-21,64.9
2017-12-20,64.56
2017-12-19,63.8
2017-12-18,63.41
2017-12-15,63.23
2017-12-14,63.31
2017-12-13,62.44
2017-12-12,63.34
2017-12-11,64.69
2017-12-08,63.4
2017-12-07,62.2
2017-12-06,61.22
2017-12-05,62.86
2017-12-04,62.45
2017-12-01,63.73
2017-11-30,63.57
2017-11-29,63.11
2017-11-28,63.61
2017-11-27,63.84
2017-11-24,63.86
2017-11-22,63.32
2017-11-21,62.57
2017-11-20,62.22
2017-11-17,62.72
2017-11-16,61.36
2017-11-15,61.87
2017-11-14,62.21
2017-11-13,63.16
2017-11-10,63.52
2017-11-09,63.93
2017-11-08,63.49
2017-11-07,63.69
2017-11-06,64.27
2017-11-03,62.07
2017-11-02,60.62
2017-11-01,60.49
2017-10-31,61.37
2017-10-30,60.9
2017-10-27,60.44
2017-10-26,59.3
2017-10-25,58.44
2017-10-24,58.33
2017-10-23,57.37
2017-10-20,57.75
2017-10-19,57.23
2017-10-18,58.15
2017-10-17,57.88
2017-10-16,57.82
2017-10-13,57.17
2017-10-12,56.25
2017-10-11,56.94
2017-10-10,56.61
2017-10-09,55.79
2017-10-06,55.62
2017-10-05,57.0
2017-10-04,55.8
2017-10-03,56.0
2017-10-02,56.12
2017-09-29,56.79
2017-09-28,57.41
2017-09-27,57.9
2017-09-26,58.44
2017-09-25,59.02
2017-09-22,56.86
2017-09-21,56.43
2017-09-20,56.29
2017-09-19,55.14
2017-09-18,55.48
2017-09-15,55.62
2017-09-14,55.47
2017-09-13,55.16
2017-09-12,54.27
2017-09-11,53.84
2017-09-08,53.78
2017-09-07,54.49
2017-09-06,54.2
2017-09-05,53.38
2017-09-01,52.75
2017-08-31,52.38
2017-08-30,50.86
2017-08-29,52.0
2017-08-28,51.89
2017-08-25,52.41
2017-08-24,52.04
2017-08-23,52.57
2017-08-22,51.87
2017-08-21,51.66
2017-08-18,52.72
2017-08-17,51.03
2017-08-16,50.27
2017-08-15,50.8
2017-08-14,50.73
2017-08-11,52.1
2017-08-10,51.9
2017-08-09,52.7
2017-08-08,52.14
2017-08-07,52.37
2017-08-04,52.42
2017-08-03,52.01
2017-08-02,52.36
2017-08-01,51.78
2017-07-31,52.65
2017-07-28,52.52
2017-07-27,51.49
2017-07-26,50.97
2017-07-25,50.2
2017-07-24,48.6
2017-07-21,48.06
2017-07-20,49.3
2017-07-19,49.7
2017-07-18,48.84
2017-07-17,48.42
2017-07-14,48.91
2017-07-13,48.42
2017-07-12,47.74
2017-07-11,47.52
2017-07-10,46.88
2017-07-07,46.71
2017-07-06,48.11
2017-07-05,47.79
2017-07-03,49.68
2017-06-30,48.77
2017-06-29,47.42
2017-06-28,47.31
2017-06-27,46.65
2017-06-26,45.83
2017-06-23,45.54
2017-06-22,45.22
2017-06-21,44.82
2017-06-20,46.02
2017-06-19,46.91
2017-06-16,47.37
2017-06-15,46.92
2017-06-14,47.0
2017-06-13,48.72
2017-06-12,48.29
2017-06-09,48.15
2017-06-08,47.86
2017-06-07,48.06
2017-06-06,50.12
2017-06-05,49.47
2017-06-02,49.95
2017-06-01,50.63
2017-05-31,50.31
2017-05-30,51.84
2017-05-26,52.15
2017-05-25,51.46
2017-05-24,53.96
2017-05-23,54.15
2017-05-22,53.87
2017-05-19,53.61
2017-05-18,52.51
2017-05-17,52.21
2017-05-16,51.65
2017-05-15,51.82
2017-05-12,50.84
2017-05-11,50.77
2017-05-10,50.22
2017-05-09,48.73
2017-05-08,49.34
2017-05-05,49.1
2017-05-04,48.38
2017-05-03,50.79
2017-05-02,50.46
2017-05-01,51.52
2017-04-28,52.05
2017-04-27,51.44
2017-04-26,51.82
2017-04-25,52.1
2017-04-24,51.6
2017-04-21,51.96
2017-04-20,52.99
2017-04-19,52.93
2017-04-18,54.89
2017-04-17,55.36
2017-04-13,55.89
2017-04-12,55.86
2017-04-11,56.23
2017-04-10,55.98
2017-04-07,55.24
2017-04-06,54.89
2017-04-05,54.36
2017-04-04,54.17
2017-04-03,53.12
2017-03-31,53.53
2017-03-30,52.96
2017-03-29,52.42
2017-03-28,51.33
2017-03-27,50.75
2017-03-24,50.8
2017-03-23,50.56
2017-03-22,50.64
2017-03-21,50.96
2017-03-20,51.62
2017-03-17,51.76
2017-03-16,51.74
2017-03-15,51.81
2017-03-14,50.92
2017-03-13,51.35
2017-03-10,51.37
2017-03-09,52.19
2017-03-08,53.11
2017-03-07,55.92
2017-03-06,56.01
2017-03-03,55.9
2017-03-02,55.08
2017-03-01,56.36
2017-02-28,55.59
2017-02-27,55.93
2017-02-24,55.99
2017-02-23,56.58
2017-02-22,55.84
2017-02-21,56.66
2017-02-17,55.81
2017-02-16,55.65
2017-02-15,55.75
2017-02-14,55.97
2017-02-13,55.59
2017-02-10,56.7
2017-02-09,55.63
2017-02-08,55.12
2017-02-07,55.05
2017-02-06,55.72
2017-02-03,56.81
2017-02-02,56.56
2017-02-01,56.8
2017-01-31,55.7
2017-01-30,55.23
2017-01-27,55.52
2017-01-26,56.24
2017-01-25,55.08
2017-01-24,55.44
2017-01-23,55.23
2017-01-20,55.49
2017-01-19,54.16
2017-01-18,53.92
2017-01-17,55.47
2017-01-13,55.45
2017-01-12,56.01
2017-01-11,55.1
2017-01-10,53.64
2017-01-09,54.94
2017-01-06,57.1
2017-01-05,56.89
2017-01-04,56.46
2017-01-03,55.47
2016-12-30,56.82
2016-12-29,56.14
2016-12-28,56.22
2016-12-27,56.09
2016-12-23,55.16
2016-12-22,55.16
2016-12-21,54.46
2016-12-20,55.35
2016-12-19,54.92
2016-12-16,55.21
2016-12-15,54.02
2016-12-14,53.9
2016-12-13,55.72
2016-12-12,55.69
2016-12-09,54.33
2016-12-08,53.89
2016-12-07,53.0
2016-12-06,53.93
2016-12-05,54.94
2016-12-02,54.46
2016-12-01,53.94
2016-11-30,50.47
2016-11-29,46.38
2016-11-28,48.24
2016-11-25,47.24
2016-11-23,48.95
2016-11-22,49.12
2016-11-21,48.9
2016-11-18,46.86
2016-11-17,46.49
2016-11-16,46.63
2016-11-15,46.95
2016-11-14,44.43
2016-11-11,44.75
2016-11-10,45.84
2016-11-09,46.36
2016-11-08,46.04
2016-11-07,46.15
2016-11-04,45.58
2016-11-03,46.35
2016-11-02,46.86
2016-11-01,48.14
2016-10-31,48.3
2016-10-28,49.71
2016-10-27,50.47
2016-10-26,49.98
2016-10-25,50.79
2016-10-24,51.46
2016-10-21,51.78
2016-10-20,51.38
2016-10-19,52.67
2016-10-18,51.68
2016-10-17,51.52
2016-10-14,51.95
2016-10-13,52.03
2016-10-12,51.81
2016-10-11,52.41
2016-10-10,53.14
2016-10-07,51.93
2016-10-06,52.51
2016-10-05,51.86
2016-10-04,50.87
2016-10-03,50.89
2016-09-30,50.19
2016-09-29,49.24
2016-09-28,48.69
2016-09-27,45.97
2016-09-26,47.35
2016-09-23,45.89
2016-09-22,47.65
2016-09-21,46.83
2016-09-20,45.88
2016-09-19,45.95
2016-09-16,45.77
2016-09-15,46.59
2016-09-14,45.85
2016-09-13,47.1
2016-09-12,48.32
2016-09-09,48.01
2016-09-08,49.99
2016-09-07,47.98
2016-09-06,47.98
2016-09-02,47.26
2016-09-01,46.83
2016-08-31,45.45
2016-08-30,46.89
2016-08-29,48.37
2016-08-26,49.26
2016-08-25,49.92
2016-08-24,49.67
2016-08-23,49.05
2016-08-22,49.96
2016-08-19,49.16
2016-08-18,50.88
2016-08-17,50.89
2016-08-16,49.85
2016-08-15,49.23
2016-08-12,48.35
2016-08-11,46.97
2016-08-10,46.04
2016-08-09,44.05
2016-08-08,44.98
2016-08-05,45.39
2016-08-04,44.27
2016-08-03,44.29
2016-08-02,43.1
2016-08-01,41.8
2016-07-29,42.14
2016-07-28,42.46
2016-07-27,42.7
2016-07-26,43.47
2016-07-25,44.87
2016-07-22,44.72
2016-07-21,45.69
2016-07-20,46.2
2016-07-19,47.17
2016-07-18,46.66
2016-07-15,46.96
2016-07-14,47.61
2016-07-13,47.37
2016-07-12,48.47
2016-07-11,46.25
2016-07-08,46.76
2016-07-07,46.4
2016-07-06,48.8
2016-07-05,47.96
2016-07-01,50.35
2016-06-30,49.71
2016-06-29,50.61
2016-06-28,48.58
2016-06-27,47.16
2016-06-24,48.41
2016-06-23,50.91
2016-06-22,49.88
2016-06-21,50.62
2016-06-20,50.65
2016-06-17,49.17
2016-06-16,47.19
2016-06-15,48.97
2016-06-14,49.83
2016-06-13,50.35
2016-06-10,50.54
2016-06-09,51.95
2016-06-08,52.51
2016-06-07,51.44
2016-06-06,50.55
2016-06-03,49.64
2016-06-02,50.04
2016-06-01,49.72
2016-05-31,49.89
2016-05-27,49.32
2016-05-26,49.59
2016-05-25,49.74
2016-05-24,48.61
2016-05-23,48.35
2016-05-20,48.72
2016-05-19,48.81
2016-05-18,48.93
2016-05-17,49.28
2016-05-16,48.97
2016-05-13,47.83
2016-05-12,48.08
2016-05-11,47.6
2016-05-10,45.52
2016-05-09,43.63
2016-05-06,45.37
2016-05-05,45.01
2016-05-04,44.62
2016-05-03,44.97
2016-05-02,45.83
2016-04-29,48.13
2016-04-28,48.14
2016-04-27,47.18
2016-04-26,45.74
2016-04-25,44.48
2016-04-22,45.11
2016-04-21,44.53
2016-04-20,45.8
2016-04-19,44.03
2016-04-18,42.91
2016-04-15,43.1
2016-04-14,43.84
2016-04-13,44.18
2016-04-12,44.69
2016-04-11,42.83
2016-04-08,41.94
2016-04-07,39.43
2016-04-06,39.84
2016-04-05,37.87
2016-04-04,37.69
2016-04-01,38.67
2016-03-31,40.33
2016-03-30,39.26
2016-03-29,39.14
2016-03-28,40.27
2016-03-24,40.44
2016-03-23,40.47
2016-03-22,41.79
2016-03-21,41.54
2016-03-18,41.2
2016-03-17,41.54
2016-03-16,41.54
2016-03-15,38.74
2016-03-14,39.53
2016-03-11,40.39
2016-03-10,40.05
2016-03-09,41.07
2016-03-08,39.65
2016-03-07,40.84
2016-03-04,38.72
2016-03-03,37.07
2016-03-02,36.93
2016-03-01,36.81
2016-02-29,35.97
2016-02-26,35.1
2016-02-25,35.29
2016-02-24,34.41
2016-02-23,33.27
2016-02-22,34.69
2016-02-19,33.01
2016-02-18,34.28
2016-02-17,34.5
2016-02-16,32.18
2016-02-12,33.36
2016-02-11,30.06
2016-02-10,30.84
2016-02-09,30.32
2016-02-08,32.88
2016-02-05,34.06
2016-02-04,34.46
2016-02-03,35.04
2016-02-02,32.72
2016-02-01,34.24
2016-01-29,34.74
2016-01-28,33.89
2016-01-27,33.1
2016-01-26,31.8
2016-01-25,30.5
2016-01-22,32.18
2016-01-21,29.25
2016-01-20,27.88
2016-01-19,28.76
2016-01-15,28.94
2016-01-14,31.03
2016-01-13,30.31
2016-01-12,30.86
2016-01-11,31.55
2016-01-08,33.55
2016-01-07,33.75
2016-01-06,34.23
2016-01-05,36.42
2016-01-04,37.22
2015-12-31,37.28
2015-12-30,36.46
2015-12-29,37.79
2015-12-28,36.62
2015-12-24,37.89
2015-12-23,37.36
2015-12-22,36.11
2015-12-21,36.35
2015-12-18,36.88
2015-12-17,37.06
2015-12-16,37.39
2015-12-15,38.73
2015-12-14,37.92
2015-12-11,37.93
2015-12-10,39.73
2015-12-09,40.11
2015-12-08,40.26
2015-12-07,40.73
2015-12-04,43.0
2015-12-03,43.84
2015-12-02,42.49
2015-12-01,44.44
2015-11-30,44.61
2015-11-27,44.86
2015-11-25,46.17
2015-11-24,46.12
2015-11-23,44.83
2015-11-20,44.66
2015-11-19,44.18
2015-11-18,44.14
2015-11-17,43.57
2015-11-16,44.56
2015-11-13,44.47
2015-11-12,44.06
2015-11-11,45.81
2015-11-10,47.44
2015-11-09,47.19
2015-11-06,47.42
2015-11-05,47.98
2015-11-04,48.58
2015-11-03,50.54
2015-11-02,48.79
2015-10-30,49.56
2015-10-29,48.8
2015-10-28,49.05
2015-10-27,46.81
2015-10-26,47.54
2015-10-23,47.99
2015-10-22,48.08
2015-10-21,47.85
2015-10-20,48.71
2015-10-19,48.61
2015-10-16,50.46
2015-10-15,49.73
2015-10-14,49.15
2015-10-13,49.24
2015-10-12,49.86
2015-10-09,52.65
2015-10-08,53.05
2015-10-07,51.33
2015-10-06,51.92
2015-10-05,49.25
2015-10-02,48.13
2015-10-01,47.69
2015-09-30,48.37
2015-09-29,48.23
2015-09-28,47.34
2015-09-25,48.6
2015-09-24,48.17
2015-09-23,47.75
2015-09-22,49.08
2015-09-21,48.92
2015-09-18,47.47
2015-09-17,49.08
2015-09-16,49.75
2015-09-15,47.75
2015-09-14,46.37
2015-09-11,48.14
2015-09-10,48.89
2015-09-09,47.58
2015-09-08,49.52
2015-09-04,49.61
2015-09-03,50.68
2015-09-02,50.5
2015-09-01,49.56
2015-08-31,54.15
2015-08-28,50.05
2015-08-27,47.56
2015-08-26,43.14
2015-08-25,43.21
2015-08-24,42.69
2015-08-21,45.46
2015-08-20,46.62
2015-08-19,47.16
2015-08-18,48.81
2015-08-17,48.74
2015-08-14,49.19
2015-08-13,49.22
2015-08-12,49.66
2015-08-11,49.18
2015-08-10,50.41
2015-08-07,48.61
2015-08-06,49.52
2015-08-05,49.59
2015-08-04,49.99
2015-08-03,49.52
2015-07-31,52.21
2015-07-30,53.31
2015-07-29,53.38
2015-07-28,53.3
2015-07-27,53.47
2015-07-24,54.62
2015-07-23,55.27
2015-07-22,56.13
2015-07-21,57.04
2015-07-20,56.65
2015-07-17,57.1
2015-07-16,56.92
2015-07-15,57.12
2015-07-14,58.51
2015-07-13,57.85
2015-07-10,58.73
2015-07-09,58.61
2015-07-08,57.05
2015-07-07,56.85
2015-07-06,56.54
2015-07-02,62.07
2015-07-01,62.01
2015-06-30,63.59
2015-06-29,62.01
2015-06-26,63.26
2015-06-25,63.2
2015-06-24,63.49
2015-06-23,64.45
2015-06-22,63.34
2015-06-19,63.02
2015-06-18,64.26
2015-06-17,63.87
2015-06-16,63.7
2015-06-15,63.95
2015-06-12,63.87
2015-06-11,65.11
2015-06-10,65.7
2015-06-09,64.88
2015-06-08,62.69
2015-06-05,63.31
2015-06-04,62.03
2015-06-03,63.8
2015-06-02,65.49
2015-06-01,64.88
2015-05-29,65.56
2015-05-28,62.58
2015-05-27,62.06
2015-05-26,63.72
2015-05-22,65.37
2015-05-21,66.54
2015-05-20,65.03
2015-05-19,64.02
2015-05-18,66.27
2015-05-15,66.81
2015-05-14,66.59
2015-05-13,66.81
2015-05-12,66.86
2015-05-11,64.91
2015-05-08,65.39
2015-05-07,65.54
2015-05-06,67.77
2015-05-05,67.52
2015-05-04,66.45
2015-05-01,66.46
2015-04-30,66.78
2015-04-29,65.84
2015-04-28,64.64
2015-04-27,64.83
2015-04-24,65.28
2015-04-23,64.85
2015-04-22,62.73
2015-04-21,62.08
2015-04-20,63.45
2015-04-17,63.45
2015-04-16,63.98
2015-04-15,63.32
2015-04-14,58.43
2015-04-13,57.93
2015-04-10,57.87
2015-04-09,56.57
2015-04-08,55.55
2015-04-07,59.1
2015-04-06,58.12
2015-04-02,54.95
2015-04-01,57.1
2015-03-31,55.11
2015-03-30,56.29
2015-03-27,56.41
2015-03-26,59.19
2015-03-25,56.48
2015-03-24,55.11
2015-03-23,55.92
2015-03-20,55.32
2015-03-19,54.43
2015-03-18,55.91
2015-03-17,53.51
2015-03-16,53.94
2015-03-13,55.01
2015-03-12,57.08
2015-03-11,57.54
2015-03-10,56.39
2015-03-09,58.53
2015-03-06,59.73
2015-03-05,60.48
2015-03-04,60.55
2015-03-03,61.02
2015-03-02,59.54
2015-02-27,62.58
2015-02-26,60.05
2015-02-25,61.63
2015-02-24,58.66
2015-02-23,58.9
2015-02-20,60.22
2015-02-19,60.21
2015-02-18,60.53
2015-02-17,62.53
2015-02-13,61.52
2015-02-12,57.05
2015-02-11,54.66
2015-02-10,56.43
2015-02-09,58.34
2015-02-06,57.8
2015-02-05,56.57
2015-02-04,54.16
2015-02-03,57.91
2015-02-02,54.75
2015-01-30,52.99
2015-01-29,49.13
2015-01-28,48.47
2015-01-27,49.6
2015-01-26,48.16
2015-01-23,48.79
2015-01-22,48.52
2015-01-21,49.03
2015-01-20,47.99
2015-01-16,50.17
2015-01-15,48.27
2015-01-14,48.69
2015-01-13,46.59
2015-01-12,47.43
2015-01-09,50.11
2015-01-08,50.96
2015-01-07,51.15
2015-01-06,51.1
2015-01-05,53.11
2015-01-02,56.42
2014-12-31,57.33
2014-12-30,57.9
2014-12-29,57.88
2014-12-26,59.45
2014-12-24,60.24
2014-12-23,61.69
2014-12-22,60.11
2014-12-19,61.38
2014-12-18,59.27
2014-12-17,61.18
2014-12-16,60.01
2014-12-15,61.21
2014-12-12,61.85
2014-12-11,63.68
2014-12-10,64.24
2014-12-09,66.84
2014-12-08,66.19
2014-12-05,69.07
2014-12-04,69.64
2014-12-03,69.92
2014-12-02,70.54
2014-12-01,72.54
2014-11-28,70.15
2014-11-26,77.75
2014-11-25,78.33
2014-11-24,79.68
2014-11-21,80.36
2014-11-20,79.33
2014-11-19,78.1
2014-11-18,78.47
2014-11-17,79.31
2014-11-14,79.41
2014-11-13,77.92
2014-11-12,80.38
2014-11-11,81.67
2014-11-10,82.34
2014-11-07,83.39
2014-11-06,82.86
2014-11-05,82.95
2014-11-04,82.82
2014-11-03,84.78
2014-10-31,85.86
2014-10-30,86.24
2014-10-29,87.12
2014-10-28,86.03
2014-10-27,85.83
2014-10-24,86.13
2014-10-23,86.83
2014-10-22,84.71
2014-10-21,86.22
2014-10-20,85.4
2014-10-17,86.16
2014-10-16,85.82
2014-10-15,84.12
2014-10-14,85.04
2014-10-13,88.89
2014-10-10,90.21
2014-10-09,90.05
2014-10-08,91.38
2014-10-07,92.11
2014-10-06,92.79
2014-10-03,92.31
2014-10-02,93.42
2014-10-01,94.16
2014-09-30,94.67
2014-09-29,97.2
2014-09-26,97.0
2014-09-25,97.0
2014-09-24,96.95
2014-09-23,96.85
2014-09-22,96.97
2014-09-19,98.39
2014-09-18,97.7
2014-09-17,98.97
2014-09-16,99.05
2014-09-15,97.88
2014-09-12,97.11
2014-09-11,98.08
2014-09-10,98.04
2014-09-09,99.16
2014-09-08,100.2
2014-09-05,100.82
2014-09-04,101.83
2014-09-03,102.77
2014-09-02,100.34
2014-08-29,103.19
2014-08-28,102.46
2014-08-27,102.72
2014-08-26,102.5
2014-08-25,102.65
2014-08-22,102.29
2014-08-21,102.63
2014-08-20,102.28
2014-08-19,101.56
2014-08-18,101.6
2014-08-15,103.53
2014-08-14,102.01
2014-08-13,104.28
2014-08-12,103.02
2014-08-11,104.68
2014-08-08,105.02
2014-08-07,105.44
2014-08-06,104.59
2014-08-05,104.61
2014-08-04,105.41
2014-08-01,104.84
2014-07-31,106.02
2014-07-30,106.51
2014-07-29,107.72
2014-07-28,107.57
2014-07-25,108.39
2014-07-24,107.07
2014-07-23,108.03
2014-07-22,107.33
2014-07-21,107.68
2014-07-18,107.24
2014-07-17,107.89
2014-07-16,107.17
2014-07-15,106.88
2014-07-14,106.98
2014-07-11,106.66
2014-07-10,108.67
2014-07-09,108.28
2014-07-08,108.94
2014-07-07,110.24
2014-07-03,111.0
2014-07-02,111.24
2014-07-01,112.29
2014-06-30,112.36
2014-06-27,113.3
2014-06-26,113.21
2014-06-25,114.0
2014-06-24,114.46
2014-06-23,114.12
2014-06-20,114.81
2014-06-19,115.06
2014-06-18,114.26
2014-06-17,113.45
2014-06-16,112.94
2014-06-13,112.46
2014-06-12,113.02
2014-06-11,109.95
2014-06-10,109.52
2014-06-09,109.99
2014-06-06,108.61
2014-06-05,108.79
2014-06-04,108.4
2014-06-03,108.82
2014-06-02,108.83
2014-05-30,109.41
2014-05-29,109.97
2014-05-28,109.81
2014-05-27,110.02
2014-05-23,110.54
2014-05-22,110.36
2014-05-21,110.55
2014-05-20,109.69
2014-05-19,109.37
2014-05-16,109.75
2014-05-15,109.09
2014-05-14,110.19
2014-05-13,109.24
2014-05-12,108.41
2014-05-09,107.89
2014-05-08,108.04
2014-05-07,108.13
2014-05-06,107.06
2014-05-05,107.72
2014-05-02,108.59
2014-05-01,107.76
2014-04-30,108.07
2014-04-29,108.98
2014-04-28,108.12
2014-04-25,109.58
2014-04-24,110.33
2014-04-23,109.11
2014-04-22,109.27
2014-04-21,109.95
2014-04-17,109.53
2014-04-16,109.6
2014-04-15,109.36
2014-04-14,109.07
2014-04-11,107.33
2014-04-10,107.46
2014-04-09,107.98
2014-04-08,107.67
2014-04-07,105.82
2014-04-04,106.72
2014-04-03,106.15
2014-04-02,104.79
2014-04-01,105.62
2014-03-31,107.76
2014-03-28,108.07
2014-03-27,107.83
2014-03-26,107.03
2014-03-25,106.99
2014-03-24,106.81
2014-03-21,106.92
2014-03-20,106.45
2014-03-19,105.85
2014-03-18,106.79
2014-03-17,106.24
2014-03-14,108.21
2014-03-13,107.39
2014-03-12,108.02
2014-03-11,108.55
2014-03-10,108.08
2014-03-07,109.0
2014-03-06,108.1
2014-03-05,107.76
2014-03-04,109.3
2014-03-03,111.2
2014-02-28,109.07
2014-02-27,108.96
2014-02-26,109.52
2014-02-25,109.51
2014-02-24,110.64
2014-02-21,109.85
2014-02-20,110.3
2014-02-19,110.47
2014-02-18,110.46
2014-02-14,109.08
2014-02-13,108.73
2014-02-12,108.79
2014-02-11,108.68
2014-02-10,108.63
2014-02-07,109.57
2014-02-06,107.19
2014-02-05,106.25
2014-02-04,105.78
2014-02-03,106.04
2014-01-31,106.4
2014-01-30,107.95
2014-01-29,107.85
2014-01-28,107.41
2014-01-27,106.69
2014-01-24,107.88
2014-01-23,107.58
2014-01-22,108.27
2014-01-21,106.73
2014-01-17,106.48
2014-01-16,105.75
2014-01-15,106.27
2014-01-14,106.39
2014-01-13,106.75
2014-01-10,107.25
2014-01-09,106.39
2014-01-08,107.15
2014-01-07,107.35
2014-01-06,106.73
2014-01-03,107.78
2014-01-02,107.78
2013-12-31,110.8
2013-12-30,111.21
2013-12-27,112.18
2013-12-26,111.98
2013-12-24,111.9
2013-12-23,111.56
2013-12-20,111.77
2013-12-19,110.29
2013-12-18,109.63
2013-12-17,108.44
2013-12-16,109.41
2013-12-13,108.32
2013-12-12,108.67
2013-12-11,109.7
2013-12-10,109.38
2013-12-09,109.39
2013-12-06,111.61
2013-12-05,110.98
2013-12-04,111.88
2013-12-03,112.62
2013-12-02,111.45
2013-11-29,109.69
2013-11-27,111.31
2013-11-26,110.88
2013-11-25,111.0
2013-11-22,111.05
2013-11-21,110.08
2013-11-20,108.06
2013-11-19,106.92
2013-11-18,108.47
2013-11-15,108.5
2013-11-14,108.54
2013-11-13,107.12
2013-11-12,105.81
2013-11-11,106.4
2013-11-08,105.12
2013-11-07,103.46
2013-11-06,105.24
2013-11-05,105.33
2013-11-04,106.23
2013-11-01,105.91
2013-10-31,108.84
2013-10-30,109.86
2013-10-29,109.01
2013-10-28,109.61
2013-10-25,106.93
2013-10-24,106.99
2013-10-23,107.8
2013-10-22,109.97
2013-10-21,109.64
2013-10-18,109.94
2013-10-17,109.11
2013-10-16,110.59
2013-10-15,109.42
2013-10-14,111.04
2013-10-11,111.28
2013-10-10,111.8
2013-10-09,109.06
2013-10-08,110.16
2013-10-07,109.68
2013-10-04,109.46
2013-10-03,109.0
2013-10-02,109.19
2013-10-01,107.94
2013-09-30,108.37
2013-09-27,108.63
2013-09-26,109.21
2013-09-25,108.32
2013-09-24,108.64
2013-09-23,108.16
2013-09-20,109.22
2013-09-19,108.76
2013-09-18,110.6
2013-09-17,108.19
2013-09-16,110.07
2013-09-13,111.7
2013-09-12,112.63
2013-09-11,111.5
2013-09-10,111.25
2013-09-09,113.72
2013-09-06,116.12
2013-09-05,115.26
2013-09-04,114.91
2013-09-03,115.68
2013-08-30,114.01
2013-08-29,115.16
2013-08-28,116.61
2013-08-27,114.36
2013-08-26,110.73
2013-08-23,111.04
2013-08-22,109.9
2013-08-21,109.81
2013-08-20,110.15
2013-08-19,109.9
2013-08-16,110.4
2013-08-15,109.6
2013-08-14,110.2
2013-08-13,109.82
2013-08-12,108.97
2013-08-09,108.22
2013-08-08,106.68
2013-08-07,107.44
2013-08-06,108.18
2013-08-05,108.7
2013-08-02,108.95
2013-08-01,109.54
2013-07-31,107.7
2013-07-30,106.91
2013-07-29,107.45
2013-07-26,107.17
2013-07-25,107.65
2013-07-24,107.19
2013-07-23,108.42
2013-07-22,108.15
2013-07-19,108.07
2013-07-18,108.7
2013-07-17,108.61
2013-07-16,108.14
2013-07-15,108.08
2013-07-12,108.81
2013-07-11,107.73
2013-07-10,108.51
2013-07-09,107.81
2013-07-08,107.43
2013-07-05,107.72
2013-07-03,105.76
2013-07-02,104.0
2013-07-01,103.0
2013-06-28,102.16
2013-06-27,102.82
2013-06-26,101.66
2013-06-25,101.26
2013-06-24,101.16
2013-06-21,100.91
2013-06-20,102.15
2013-06-19,106.12
2013-06-18,106.02
2013-06-17,105.47
2013-06-14,105.93
2013-06-13,104.25
2013-06-12,103.49
2013-06-11,102.96
2013-06-10,103.95
2013-06-07,104.56
2013-06-06,103.61
2013-06-05,103.04
2013-06-04,103.24
2013-06-03,102.06
2013-05-31,100.39
2013-05-30,102.19
2013-05-29,102.43
2013-05-28,104.23
2013-05-24,102.64
2013-05-23,102.44
2013-05-22,102.6
2013-05-21,103.91
2013-05-20,104.8
2013-05-17,104.64
2013-05-16,103.78
2013-05-15,103.5
2013-05-14,102.6
2013-05-13,102.82
2013-05-10,103.91
2013-05-09,104.47
2013-05-08,104.34
2013-05-07,104.4
2013-05-06,105.46
2013-05-03,104.19
2013-05-02,102.85
2013-05-01,99.95
2013-04-30,102.37
2013-04-29,103.81
2013-04-26,103.16
2013-04-25,103.41
2013-04-24,101.73
2013-04-23,100.31
2013-04-22,100.39
2013-04-19,99.65
2013-04-18,99.13
2013-04-17,97.69
2013-04-16,99.91
2013-04-15,100.63
2013-04-12,103.11
2013-04-11,104.27
2013-04-10,105.79
2013-04-09,106.23
2013-04-08,104.66
2013-04-05,104.12
2013-04-04,106.34
2013-04-03,107.11
2013-04-02,110.69
2013-04-01,111.08
2013-03-28,110.02
2013-03-27,109.69
2013-03-26,109.36
2013-03-25,108.17
2013-03-22,107.66
2013-03-21,107.47
2013-03-20,108.72
2013-03-19,107.45
2013-03-18,109.51
2013-03-15,109.82
2013-03-14,109.42
2013-03-13,108.52
2013-03-12,109.65
2013-03-11,110.22
2013-03-08,110.85
2013-03-07,111.15
2013-03-06,111.06
2013-03-05,111.61
2013-03-04,110.09
2013-03-01,110.4
2013-02-28,111.38
2013-02-27,111.87
2013-02-26,112.71
2013-02-25,114.44
2013-02-22,114.1
2013-02-21,113.53
2013-02-20,115.6
2013-02-19,117.52
2013-02-15,117.66
2013-02-14,118.58
2013-02-13,118.72
2013-02-12,118.66
2013-02-11,118.13
2013-02-08,118.9
2013-02-07,117.24
2013-02-06,116.73
2013-02-05,116.52
2013-02-04,115.6
2013-02-01,116.76
2013-01-31,115.55
2013-01-30,114.9
2013-01-29,114.36
2013-01-28,113.48
2013-01-25,113.28
2013-01-24,113.28
2013-01-23,112.8
2013-01-22,112.42
2013-01-18,111.89
2013-01-17,111.1
2013-01-16,109.68
2013-01-15,109.63
2013-01-14,111.88
2013-01-11,110.64
2013-01-10,111.89
2013-01-09,111.76
2013-01-08,111.94
2013-01-07,111.4
2013-01-04,111.31
2013-01-03,112.14
2013-01-02,112.47
2012-12-31,111.11
2012-12-28,110.62
2012-12-27,110.8
2012-12-26,111.07
2012-12-24,108.8
2012-12-21,108.97
2012-12-20,110.2
2012-12-19,110.36
2012-12-18,108.84
2012-12-17,107.64
2012-12-14,108.18
2012-12-13,107.91
2012-12-12,109.5
2012-12-11,108.01
2012-12-10,107.33
2012-12-07,107.02
2012-12-06,107.03
2012-12-05,108.81
2012-12-04,109.84
2012-12-03,110.92
2012-11-30,111.23
2012-11-29,110.76
2012-11-28,109.51
2012-11-27,109.87
2012-11-26,110.92
2012-11-23,111.38
2012-11-21,110.86
2012-11-20,109.83
2012-11-19,111.7
2012-11-16,108.95
2012-11-15,108.01
2012-11-14,109.61
2012-11-13,108.26
2012-11-12,109.07
2012-11-09,109.4
2012-11-08,107.25
2012-11-07,106.82
2012-11-06,111.07
2012-11-05,107.73
2012-11-02,105.68
2012-11-01,108.17
2012-10-31,108.7
2012-10-26,109.08
2012-10-25,108.49
2012-10-24,107.85
2012-10-23,108.25
2012-10-22,109.44
2012-10-19,110.14
2012-10-18,112.42
2012-10-17,113.22
2012-10-16,114.0
2012-10-15,114.4
2012-10-12,114.62
2012-10-11,115.71
2012-10-10,114.33
2012-10-09,114.5
2012-10-08,111.82
2012-10-05,112.02
2012-10-04,112.58
2012-10-03,108.17
2012-10-02,111.57
2012-10-01,112.19
2012-09-28,112.39
2012-09-27,112.01
2012-09-26,110.04
2012-09-25,110.45
2012-09-24,109.81
2012-09-21,111.42
2012-09-20,110.03
2012-09-19,108.19
2012-09-18,112.03
2012-09-17,113.79
2012-09-14,116.66
2012-09-13,116.9
2012-09-12,115.96
2012-09-11,115.4
2012-09-10,114.81
2012-09-07,114.25
2012-09-06,113.49
2012-09-05,113.09
2012-09-04,114.18
2012-08-31,114.57
2012-08-30,112.65
2012-08-29,112.54
2012-08-28,112.58
2012-08-27,112.26
2012-08-24,113.59
2012-08-23,115.01
2012-08-22,114.91
2012-08-21,114.64
2012-08-20,113.7
2012-08-17,113.71
2012-08-16,115.27
2012-08-15,114.31
2012-08-14,114.03
2012-08-13,113.6
2012-08-10,112.95
2012-08-09,113.22
2012-08-08,112.14
2012-08-07,112.0
2012-08-06,109.55
2012-08-03,108.94
2012-08-02,105.9
2012-08-01,105.96
2012-07-31,104.92
2012-07-30,106.2
2012-07-27,106.47
2012-07-26,105.26
2012-07-25,104.38
2012-07-24,103.42
2012-07-23,103.26
2012-07-20,106.83
2012-07-19,107.8
2012-07-18,105.16
2012-07-17,104.0
2012-07-16,103.37
2012-07-13,101.42
2012-07-12,101.07
2012-07-11,100.23
2012-07-10,97.97
2012-07-09,100.32
2012-07-06,98.19
2012-07-05,100.7
2012-07-03,100.68
2012-07-02,97.34
2012-06-29,97.8
2012-06-28,91.36
2012-06-27,93.5
2012-06-26,93.02
2012-06-25,91.01
2012-06-22,90.98
2012-06-21,89.23
2012-06-20,92.69
2012-06-19,95.76
2012-06-18,96.05
2012-06-15,97.61
2012-06-14,97.03
2012-06-13,97.13
2012-06-12,97.14
2012-06-11,98.0
2012-06-08,99.47
2012-06-07,99.93
2012-06-06,100.64
2012-06-05,98.84
2012-06-04,98.85
2012-06-01,98.43
2012-05-31,101.87
2012-05-30,103.47
2012-05-29,106.68
2012-05-25,106.83
2012-05-24,106.55
2012-05-23,105.56
2012-05-22,108.41
2012-05-21,108.81
2012-05-18,107.14
2012-05-17,107.49
2012-05-16,109.75
2012-05-15,111.45
2012-05-14,111.57
2012-05-11,112.26
2012-05-10,112.73
2012-05-09,113.2
2012-05-08,112.73
2012-05-07,113.16
2012-05-04,113.18
2012-05-03,116.08
2012-05-02,118.2
2012-05-01,119.66
2012-04-30,119.47
2012-04-27,119.83
2012-04-26,119.92
2012-04-25,119.12
2012-04-24,118.16
2012-04-23,118.71
2012-04-20,118.76
2012-04-19,118.0
2012-04-18,117.97
2012-04-17,118.78
2012-04-16,118.68
2012-04-13,121.21
2012-04-12,121.71
2012-04-11,120.18
2012-04-10,119.88
2012-04-09,122.67
2012-04-05,123.43
2012-04-04,122.34
2012-04-03,124.86
2012-04-02,125.43
2012-03-30,122.88
2012-03-29,122.39
2012-03-28,124.16
2012-03-27,125.54
2012-03-26,125.65
2012-03-23,125.13
2012-03-22,123.14
2012-03-21,124.2
2012-03-20,124.12
2012-03-19,125.71
2012-03-16,125.81
2012-03-15,122.6
2012-03-14,124.97
2012-03-13,126.22
2012-03-12,125.34
2012-03-09,125.98
2012-03-08,125.44
2012-03-07,124.12
2012-03-06,121.98
2012-03-05,123.8
2012-03-02,123.65
2012-03-01,126.2
2012-02-29,122.66
2012-02-28,121.55
2012-02-27,124.17
2012-02-24,125.47
2012-02-23,123.62
2012-02-22,122.9
2012-02-21,121.66
2012-02-17,119.58
2012-02-16,120.11
2012-02-15,118.93
2012-02-14,118.16
2012-02-13,117.93
2012-02-10,117.31
2012-02-09,118.59
2012-02-08,117.2
2012-02-07,116.23
2012-02-06,115.93
2012-02-03,114.58
2012-02-02,112.07
2012-02-01,111.56
2012-01-31,110.98
2012-01-30,110.75
2012-01-27,111.46
2012-01-26,110.79
2012-01-25,109.81
2012-01-24,110.03
2012-01-23,110.58
2012-01-20,109.86
2012-01-19,111.55
2012-01-18,110.66
2012-01-17,111.53
2012-01-13,110.35
2012-01-12,111.26
2012-01-11,112.24
2012-01-10,113.28
2012-01-09,112.45
2012-01-06,113.06
2012-01-05,112.74
2012-01-04,113.7
2012-01-03,112.13
2011-12-30,107.38
2011-12-29,108.01
2011-12-28,107.56
2011-12-27,109.27
2011-12-23,107.96
2011-12-22,107.89
2011-12-21,107.71
2011-12-20,106.73
2011-12-19,103.64
2011-12-16,103.35
2011-12-15,103.6
2011-12-14,105.02
2011-12-13,109.5
2011-12-12,107.26
2011-12-09,108.62
2011-12-08,108.11
2011-12-07,109.53
2011-12-06,110.81
2011-12-05,109.81
2011-12-02,109.94
2011-12-01,108.99
2011-11-30,110.52
2011-11-29,110.82
2011-11-28,109.0
2011-11-25,106.4
2011-11-23,107.02
2011-11-22,109.03
2011-11-21,106.88
2011-11-18,107.56
2011-11-17,108.22
2011-11-16,111.88
2011-11-15,112.18
2011-11-14,111.89
2011-11-11,114.16
2011-11-10,113.71
2011-11-09,112.31
2011-11-08,115.0
2011-11-07,114.56
2011-11-04,111.97
2011-11-03,110.83
2011-11-02,109.34
2011-11-01,109.54
2011-10-31,109.56
2011-10-28,109.91
2011-10-27,112.08
2011-10-26,108.91
2011-10-25,110.92
2011-10-24,111.45
2011-10-21,109.56
2011-10-20,109.76
2011-10-19,108.39
2011-10-18,111.15
2011-10-17,110.16
2011-10-14,112.23
2011-10-13,111.11
2011-10-12,111.36
2011-10-11,110.73
2011-10-10,108.95
2011-10-07,105.88
2011-10-06,105.73
2011-10-05,102.73
2011-10-04,99.79
2011-10-03,101.71
2011-09-30,102.76
2011-09-29,103.95
2011-09-28,103.81
2011-09-27,107.14
2011-09-26,103.94
2011-09-23,103.97
2011-09-22,105.49
2011-09-21,110.36
2011-09-20,110.54
2011-09-19,109.14
2011-09-16,112.22
2011-09-15,112.3
2011-09-14,112.4
2011-09-13,111.89
2011-09-12,112.25
2011-09-09,112.77
2011-09-08,114.55
2011-09-07,115.8
2011-09-06,112.89
2011-09-02,112.33
2011-09-01,114.29
2011-08-31,114.85
2011-08-30,114.02
2011-08-29,111.88
2011-08-26,111.36
2011-08-25,110.62
2011-08-24,110.15
2011-08-23,109.31
2011-08-22,108.36
2011-08-19,108.62
2011-08-18,106.99
2011-08-17,110.6
2011-08-16,109.13
2011-08-15,109.84
2011-08-12,108.03
2011-08-11,108.02
2011-08-10,106.68
2011-08-09,102.57
2011-08-08,103.74
2011-08-05,109.37
2011-08-04,107.25
2011-08-03,113.23
2011-08-02,116.46
2011-08-01,116.81
2011-07-29,116.74
2011-07-28,117.36
2011-07-27,117.43
2011-07-26,118.28
2011-07-25,117.94
2011-07-22,118.67
2011-07-21,117.51
2011-07-20,118.15
2011-07-19,117.06
2011-07-18,116.05
2011-07-15,117.26
2011-07-14,118.32
2011-07-13,118.78
2011-07-12,117.75
2011-07-11,117.24
2011-07-08,118.33
2011-07-07,118.59
2011-07-06,113.62
2011-07-05,113.61
2011-07-01,111.77
2011-06-30,112.48
2011-06-29,112.4
2011-06-28,108.78
2011-06-27,105.99
2011-06-24,105.12
2011-06-23,107.26
2011-06-22,114.21
2011-06-21,110.95
2011-06-20,111.69
2011-06-17,113.21
2011-06-16,114.02
2011-06-15,113.01
2011-06-14,120.16
2011-06-13,119.1
2011-06-10,118.78
2011-06-09,119.57
2011-06-08,117.85
2011-06-07,116.78
2011-06-06,114.48
2011-06-03,115.84
2011-06-02,115.54
2011-06-01,114.53
2011-05-31,116.73
2011-05-27,115.03
2011-05-26,115.05
2011-05-25,114.93
2011-05-24,112.53
2011-05-23,110.1
2011-05-20,112.39
2011-05-19,111.42
2011-05-18,112.3
2011-05-17,109.99
2011-05-16,110.84
2011-05-13,113.28
2011-05-12,112.98
2011-05-11,112.57
2011-05-10,117.63
2011-05-09,115.9
2011-05-06,109.13
2011-05-05,110.8
2011-05-04,121.19
2011-05-03,122.45
2011-05-02,125.12
2011-04-29,125.89
2011-04-28,125.02
2011-04-27,125.13
2011-04-26,124.14
2011-04-25,123.66
2011-04-21,123.99
2011-04-20,123.85
2011-04-19,121.33
2011-04-18,121.61
2011-04-15,123.45
2011-04-14,122.36
2011-04-13,122.88
2011-04-12,120.92
2011-04-11,123.98
2011-04-08,126.65
2011-04-07,122.67
2011-04-06,122.3
2011-04-05,122.22
2011-04-04,121.06
2011-04-01,118.7
2011-03-31,117.36
2011-03-30,115.13
2011-03-29,115.16
2011-03-28,114.8
2011-03-25,115.59
2011-03-24,115.72
2011-03-23,115.55
2011-03-22,115.7
2011-03-21,114.96
2011-03-18,113.93
2011-03-17,114.9
2011-03-16,110.6
2011-03-15,108.59
2011-03-14,113.67
2011-03-11,113.84
2011-03-10,115.43
2011-03-09,115.94
2011-03-08,113.06
2011-03-07,115.04
2011-03-04,115.97
2011-03-03,114.79
2011-03-02,116.35
2011-03-01,115.42
2011-02-28,111.8
2011-02-25,112.14
2011-02-24,111.36
2011-02-23,111.25
2011-02-22,105.78
2011-02-18,102.52
2011-02-17,102.59
2011-02-16,103.78
2011-02-15,101.64
2011-02-14,101.22
2011-02-11,101.43
2011-02-10,100.87
2011-02-09,101.82
2011-02-08,99.92
2011-02-07,99.25
2011-02-04,99.83
2011-02-03,101.76
2011-02-02,102.34
2011-02-01,101.74
2011-01-31,101.01
2011-01-28,99.42
2011-01-27,97.39
2011-01-26,97.91
2011-01-25,95.25
2011-01-24,96.61
2011-01-21,97.6
2011-01-20,96.58
2011-01-19,98.16
2011-01-18,97.8
2011-01-14,98.38
2011-01-13,98.06
2011-01-12,98.12
2011-01-11,97.61
2011-01-10,95.7
2011-01-07,93.33
2011-01-06,94.52
2011-01-05,95.5
2011-01-04,93.53
2011-01-03,94.84
2010-12-31,94.75
2010-12-30,93.09
2010-12-29,94.14
2010-12-28,94.38
2010-12-27,93.85
2010-12-23,94.25
2010-12-22,93.65
2010-12-21,93.2
2010-12-20,92.72
2010-12-17,91.68
2010-12-16,91.7
2010-12-15,92.15
2010-12-14,91.21
2010-12-13,91.15
2010-12-10,90.48
2010-12-09,90.99
2010-12-08,90.8
2010-12-07,91.4
2010-12-06,91.45
2010-12-02,76.76
2010-12-01,76.76
2010-11-30,76.76
2010-11-29,76.76
2010-11-26,76.76
2010-11-12,86.1
2010-11-11,88.79
2010-11-10,88.96
2010-11-09,88.32
2010-11-08,88.43
2010-11-05,88.12
2010-11-04,88.0
2010-11-03,86.17
2010-11-02,85.41
2010-11-01,84.59
2010-10-29,83.15
2010-10-28,83.59
2010-10-27,83.23
2010-10-26,83.66
2010-10-25,83.29
2010-10-22,82.91
2010-10-21,81.74
2010-10-20,83.6
2010-10-19,81.05
2010-10-18,84.23
2010-10-15,82.57
2010-10-14,84.18
2010-10-13,84.85
2010-10-12,83.88
2010-10-11,84.01
2010-10-08,84.11
2010-10-07,83.71
2010-10-06,85.83
2010-10-05,84.92
2010-10-04,83.5
2010-10-01,83.4
2010-09-30,82.59
2010-09-29,81.02
2010-09-28,79.05
2010-09-27,78.73
2010-09-24,79.49
2010-09-23,78.43
2010-09-22,77.79
2010-09-21,79.35
2010-09-20,80.2
2010-09-17,78.51
2010-09-16,78.23
2010-09-15,79.54
2010-09-14,79.64
2010-09-13,78.5
2010-09-10,78.16
2010-09-09,77.4
2010-09-08,78.12
2010-09-07,77.59
2010-09-03,76.67
2010-09-02,76.93
2010-09-01,76.37
2010-08-31,74.62
2010-08-30,76.6
2010-08-27,76.65
2010-08-26,75.02
2010-08-25,73.49
2010-08-24,72.38
2010-08-23,73.43
2010-08-20,74.28
2010-08-19,75.3
2010-08-18,76.4
2010-08-17,76.93
2010-08-16,75.62
2010-08-13,75.48
2010-08-12,75.61
2010-08-11,77.54
2010-08-10,79.59
2010-08-09,81.0
2010-08-06,80.16
2010-08-05,81.62
2010-08-04,82.2
2010-08-03,82.68
2010-08-02,80.85
2010-07-30,78.08
2010-07-29,77.48
2010-07-28,75.82
2010-07-27,76.13
2010-07-26,77.5
2010-07-23,77.45
2010-07-22,77.82
2010-07-21,75.37
2010-07-20,76.17
2010-07-19,75.54
2010-07-16,75.39
2010-07-15,76.1
2010-07-14,76.77
2010-07-13,76.53
2010-07-12,74.38
2010-07-09,75.42
2010-07-08,74.71
2010-07-07,73.57
2010-07-06,71.45
2010-07-02,71.65
2010-07-01,72.47
2010-06-30,75.01
2010-06-29,75.41
2010-06-28,77.54
2010-06-25,78.21
2010-06-24,76.47
2010-06-23,76.5
2010-06-22,78.04
2010-06-21,78.82
2010-06-18,78.22
2010-06-17,78.68
2010-06-16,78.14
2010-06-15,77.1
2010-06-14,75.2
2010-06-11,74.35
2010-06-10,75.29
2010-06-09,74.27
2010-06-08,72.33
2010-06-07,72.12
2010-06-04,71.61
2010-06-03,75.41
2010-06-02,73.81
2010-05-28,74.02
2010-05-27,74.73
2010-05-26,71.74
2010-05-25,69.55
2010-05-24,71.19
2010-05-21,71.68
2010-05-20,71.92
2010-05-19,73.69
2010-05-18,74.43
2010-05-17,75.1
2010-05-14,77.65
2010-05-13,80.11
2010-05-12,80.86
2010-05-11,80.54
2010-05-10,79.78
2010-05-07,78.38
2010-05-06,79.52
2010-05-05,82.69
2010-05-04,85.49
2010-05-03,88.9
2010-04-30,87.43
2010-04-29,87.37
2010-04-28,86.28
2010-04-27,85.66
2010-04-26,86.83
2010-04-23,87.3
2010-04-22,85.83
2010-04-21,85.71
2010-04-20,84.86
2010-04-19,84.2
2010-04-16,85.98
2010-04-15,87.62
2010-04-13,84.78
2010-04-12,84.82
2010-04-09,84.77
2010-04-08,84.99
2010-04-07,85.58
2010-04-06,86.2
2010-04-05,85.92
2010-04-01,83.98
2010-03-31,82.67
2010-03-30,81.43
2010-03-29,81.31
2010-03-26,78.98
2010-03-25,79.67
2010-03-24,80.7
2010-03-23,80.59
2010-03-22,80.57
2010-03-19,79.8
2010-03-18,81.51
2010-03-17,81.96
2010-03-16,80.53
2010-03-15,78.63
2010-03-12,79.39
2010-03-11,80.28
2010-03-10,80.48
2010-03-09,79.91
2010-03-08,80.47
2010-03-05,79.89
2010-03-04,78.54
2010-03-03,79.25
2010-03-02,78.18
2010-03-01,76.89
2010-02-26,77.59
2010-02-25,76.29
2010-02-24,78.09
2010-02-23,77.25
2010-02-22,78.61
2010-02-19,78.19
2010-02-18,77.78
2010-02-17,76.27
2010-02-16,75.68
2010-02-12,72.9
2010-02-11,74.12
2010-02-10,72.54
2010-02-09,72.13
2010-02-08,70.11
2010-02-05,69.59
2010-02-04,72.13
2010-02-03,75.92
2010-02-02,76.06
2010-02-01,73.11
2010-01-29,71.46
2010-01-28,72.13
2010-01-27,72.24
2010-01-26,73.29
2010-01-25,73.69
2010-01-22,72.83
2010-01-21,74.58
2010-01-20,76.32
2010-01-19,77.63
2010-01-15,77.11
2010-01-14,78.57
2010-01-13,78.31
2010-01-12,79.3
2010-01-11,80.97
2010-01-08,81.37
2010-01-07,81.51
2010-01-06,81.89
2010-01-05,80.59
2010-01-04,80.12
2009-12-31,77.93
2009-12-30,78.03
2009-12-29,77.64
2009-12-28,77.32
2009-12-24,76.31
2009-12-23,75.45
2009-12-22,73.46
2009-12-21,72.99
2009-12-18,73.75
2009-12-17,73.37
2009-12-16,74.29
2009-12-15,72.87
2009-12-14,71.89
2009-12-11,71.88
2009-12-10,71.86
2009-12-09,72.39
2009-12-08,75.19
2009-12-07,76.43
2009-12-04,77.52
2009-12-03,78.36
2009-12-02,77.88
2009-12-01,79.35
2009-11-30,78.47
2009-11-27,77.18
2009-11-25,78.44
2009-11-24,76.46
2009-11-23,77.46
2009-11-20,77.2
2009-11-19,77.64
2009-11-18,79.47
2009-11-17,78.97
2009-11-16,78.76
2009-11-13,76.31
2009-11-12,76.02
2009-11-11,77.95
2009-11-10,77.5
2009-11-09,77.77
2009-11-06,75.87
2009-11-05,77.99
2009-11-04,78.89
2009-11-03,78.11
2009-11-02,76.55
2009-10-30,75.2
2009-10-29,78.04
2009-10-28,75.86
2009-10-27,77.92
2009-10-26,77.26
2009-10-23,78.92
2009-10-22,79.51
2009-10-21,79.69
2009-10-20,77.24
2009-10-19,77.77
2009-10-16,76.99
2009-10-15,76.23
2009-10-14,73.1
2009-10-13,72.4
2009-10-12,71.36
2009-10-09,70.0
2009-10-08,69.77
2009-10-07,67.2
2009-10-06,68.56
2009-10-05,68.04
2009-10-02,68.07
2009-10-01,69.19
2009-09-30,69.07
2009-09-29,65.49
2009-09-28,65.54
2009-09-25,65.11
2009-09-24,64.82
2009-09-23,67.99
2009-09-22,70.53
2009-09-21,68.69
2009-09-18,71.32
2009-09-17,71.55
2009-09-16,71.67
2009-09-15,69.86
2009-09-14,67.44
2009-09-11,67.69
2009-09-10,69.86
2009-09-09,69.83
2009-09-08,69.42
2009-09-04,66.82
2009-09-03,67.12
2009-09-02,67.66
2009-09-01,67.73
2009-08-31,69.65
2009-08-28,72.79
2009-08-27,72.51
2009-08-26,71.65
2009-08-25,71.82
2009-08-24,74.26
2009-08-21,74.19
2009-08-20,73.33
2009-08-19,74.59
2009-08-18,72.37
2009-08-17,70.54
2009-08-14,71.44
2009-08-13,73.48
2009-08-12,72.89
2009-08-11,72.46
2009-08-10,73.5
2009-08-07,73.59
2009-08-06,74.83
2009-08-05,75.51
2009-08-04,74.28
2009-08-03,73.55
2009-07-31,71.7
2009-07-30,70.11
2009-07-29,66.53
2009-07-28,69.88
2009-07-27,70.81
2009-07-24,70.32
2009-07-23,69.25
2009-07-22,67.21
2009-07-21,66.87
2009-07-20,66.44
2009-07-17,65.38
2009-07-16,63.75
2009-07-15,63.52
2009-07-14,60.77
2009-07-13,60.65
2009-07-10,60.52
2009-07-09,60.59
2009-07-08,60.43
2009-07-07,62.95
2009-07-06,63.92
2009-07-02,66.65
2009-07-01,68.45
2009-06-30,69.3
2009-06-29,70.99
2009-06-26,68.93
2009-06-25,69.78
2009-06-24,68.33
2009-06-23,68.8
2009-06-19,69.19
2009-06-18,71.06
2009-06-17,70.85
2009-06-16,70.24
2009-06-12,70.92
2009-06-11,71.79
2009-06-10,70.8
2009-06-09,69.62
2009-06-08,67.88
2009-06-05,68.34
2009-06-04,68.84
2009-06-03,65.88
2009-05-29,65.57
2009-05-28,64.48
2009-05-27,61.97
2009-05-26,61.14
2009-05-22,60.78
2009-05-21,59.93
2009-05-20,60.59
2009-05-19,58.92
2009-05-18,58.47
2009-05-15,56.02
2009-05-14,56.51
2009-05-13,57.25
2009-05-12,57.31
2009-05-11,56.85
2009-05-08,58.16
2009-05-07,56.29
2009-05-06,56.13
2009-05-05,54.13
2009-05-04,54.55
2009-05-01,52.85
2009-04-30,50.8
2009-04-29,50.78
2009-04-28,49.99
2009-04-27,50.32
2009-04-24,51.67
2009-04-23,50.11
2009-04-22,49.81
2009-04-21,49.82
2009-04-20,49.86
2009-04-17,53.35
2009-04-16,53.16
2009-04-15,52.44
2009-04-14,51.96
2009-04-13,52.14
2009-04-09,54.06
2009-04-08,51.59
2009-04-07,51.18
2009-04-06,52.24
2009-04-03,52.71
2009-04-02,52.75
2009-04-01,48.55
2009-03-31,49.09
2009-03-30,48.06
2009-03-27,51.98
2009-03-26,53.3
2009-03-25,51.75
2009-03-24,53.5
2009-03-23,53.47
2009-03-20,51.22
2009-03-19,50.67
2009-03-18,47.66
2009-03-17,48.24
2009-03-16,46.59
2009-03-13,45.88
2009-03-12,43.02
2009-03-11,41.4
2009-03-10,43.96
2009-03-09,44.13
2009-03-06,44.85
2009-03-05,43.64
2009-03-04,46.12
2009-03-03,43.77
2009-03-02,42.25
2009-02-27,46.35
2009-02-26,46.51
2009-02-25,44.29
2009-02-24,42.5
2009-02-23,40.99
2009-02-20,41.91
2009-02-19,41.99
2009-02-18,39.55
2009-02-17,41.03
2009-02-13,45.05
2009-02-12,44.65
2009-02-11,44.28
2009-02-10,44.61
2009-02-09,46.02
2009-02-06,46.25
2009-02-05,46.46
2009-02-04,44.15
2009-02-03,44.08
2009-02-02,43.82
2009-01-30,45.88
2009-01-29,45.4
2009-01-28,44.9
2009-01-27,43.73
2009-01-26,46.96
2009-01-23,48.37
2009-01-22,45.39
2009-01-21,45.02
2009-01-20,43.72
2009-01-16,46.59
2009-01-15,47.68
2009-01-14,47.62
2009-01-13,47.44
2009-01-12,45.52
2009-01-09,47.24
2009-01-08,47.55
2009-01-07,48.67
2009-01-06,53.27
2009-01-05,52.4
2009-01-02,49.8
2008-12-31,48.82
2008-12-30,42.92
2008-12-29,43.2
2008-12-26,41.0
2008-12-24,39.17
2008-12-23,42.82
2008-12-22,43.93
2008-12-19,46.28
2008-12-18,45.82
2008-12-17,47.8
2008-12-16,46.65
2008-12-15,47.14
2008-12-12,49.08
2008-12-11,50.04
2008-12-10,45.04
2008-12-09,44.05
2008-12-08,45.82
2008-12-05,42.12
2008-12-04,46.8
2008-12-03,47.8
2008-12-02,47.64
2008-12-01,55.58
2008-11-28,55.58
2008-11-26,55.97
2008-11-25,52.33
2008-11-24,57.14
2008-11-21,52.34
2008-11-20,54.99
2008-11-19,54.99
2008-11-18,55.31
2008-11-17,58.08
2008-11-13,51.72
2008-11-12,52.16
2008-11-11,55.71
2008-11-10,59.08
2008-11-07,57.84
2008-11-06,57.23
2008-11-05,61.87
2008-11-04,66.44
2008-11-03,60.48
2008-10-31,65.32
2008-10-30,63.71
2008-10-29,65.47
2008-10-28,60.29
2008-10-27,61.41
2008-10-24,62.05
2008-10-23,65.92
2008-10-21,73.52
2008-10-20,72.03
2008-10-17,69.6
2008-10-16,67.84
2008-10-15,72.58
2008-10-14,79.11
2008-10-13,79.21
2008-10-10,75.82
2008-10-09,83.96
2008-10-08,85.71
2008-10-07,84.66
2008-10-06,83.68
2008-10-03,90.25
2008-10-02,90.56
2008-10-01,95.33
2008-09-30,98.17
2008-09-29,93.98
2008-09-26,103.54
2008-09-25,104.6
2008-09-24,102.45
2008-09-23,103.08
2008-09-22,106.04
2008-09-19,99.61
2008-09-18,95.19
2008-09-17,94.84
2008-09-16,89.22
2008-09-15,92.38
2008-09-12,97.58
2008-09-10,98.97
2008-09-09,100.34
2008-09-08,103.44
2008-09-05,104.09
2008-09-04,106.3
2008-09-03,108.06
2008-09-02,108.34
2008-08-29,114.05
2008-08-28,114.17
2008-08-27,116.22
2008-08-26,114.63
2008-08-25,114.03
2008-08-22,113.92
2008-08-21,120.16
2008-08-20,114.36
2008-08-19,113.25
2008-08-15,112.55
2008-08-14,112.64
2008-08-13,113.47
2008-08-12,111.15
2008-08-11,112.67
2008-08-08,113.33
2008-08-07,117.86
2008-08-06,117.0
2008-08-05,117.7
2008-08-04,120.68
2008-08-01,124.18
2008-07-31,123.98
2008-07-30,127.1
2008-07-29,122.71
2008-07-28,125.84
2008-07-25,124.52
2008-07-24,126.44
2008-07-23,125.29
2008-07-18,130.19
2008-07-16,136.19
2008-07-14,143.92
2008-07-11,144.49
2008-07-10,142.03
2008-07-09,136.58
2008-07-08,136.43
2008-07-07,141.87
2008-07-03,146.08
2008-07-02,144.26
2008-07-01,140.67
2008-06-30,139.83
2008-06-27,140.31
2008-06-26,139.83
2008-06-25,134.33
2008-06-24,136.46
2008-06-23,135.91
2008-06-20,134.86
2008-06-19,132.0
2008-06-18,136.44
2008-06-17,133.72
2008-06-16,134.71
2008-06-13,134.25
2008-06-12,136.09
2008-06-11,135.02
2008-06-10,131.02
2008-06-09,133.91
2008-06-06,137.69
2008-06-05,127.54
2008-06-04,122.1
2008-06-03,124.58
2008-06-02,128.02
2008-05-30,127.78
2008-05-29,126.89
2008-05-28,130.93
2008-05-27,128.31
2008-05-23,131.57
2008-05-22,130.51
2008-05-21,132.7
2008-05-20,127.84
2008-05-19,125.06
2008-05-16,124.99
2008-05-15,121.25
2008-05-14,121.86
2008-05-13,124.1
2008-05-12,122.91
2008-05-09,125.4
2008-05-08,122.84
2008-05-07,122.32
2008-05-06,120.31
2008-05-05,117.99
2008-05-02,114.56
2008-05-01,110.5
2008-04-30,111.36
2008-04-29,113.43
2008-04-28,116.74
2008-04-25,116.34
2008-04-24,114.34
2008-04-23,116.46
2008-04-22,115.95
2008-04-21,114.43
2008-04-18,113.92
2008-04-17,112.43
2008-04-16,112.66
2008-04-15,111.58
2008-04-14,109.58
2008-04-11,108.51
2008-04-10,108.07
2008-04-09,108.36
2008-04-08,106.19
2008-04-07,107.02
2008-04-04,104.76
2008-04-03,102.32
2008-04-02,103.51
2008-04-01,99.9
2008-03-31,100.11
2008-03-28,103.56
2008-03-27,104.78
2008-03-26,103.71
2008-03-25,100.36
2008-03-24,99.64
2008-03-20,100.13
2008-03-19,100.49
2008-03-18,105.3
2008-03-17,101.46
2008-03-14,105.78
2008-03-13,107.54
2008-03-12,106.27
2008-03-11,105.25
2008-03-10,104.16
2008-03-07,102.38
2008-03-06,102.61
2008-03-05,101.64
2008-03-04,97.52
2008-03-03,100.48
2008-02-29,100.1
2008-02-28,100.9
2008-02-27,98.27
2008-02-26,99.47
2008-02-25,97.69
2008-02-22,97.01
2008-02-21,96.24
2008-02-20,98.42
2008-02-19,98.56
2008-02-15,94.63
2008-02-14,95.09
2008-02-13,93.32
2008-02-12,92.86
2008-02-11,93.53
2008-02-08,91.94
2008-02-07,88.51
2008-02-06,87.78
2008-02-05,88.82
2008-02-04,90.4
2008-02-01,89.44
2008-01-31,92.21
2008-01-30,92.53
2008-01-29,92.0
2008-01-28,91.56
2008-01-25,90.94
2008-01-24,89.03
2008-01-23,86.66
2008-01-22,88.21
2008-01-18,89.26
2008-01-17,88.82
2008-01-16,89.36
2008-01-15,90.79
2008-01-14,92.95
2008-01-11,91.18
2008-01-10,92.43
2008-01-09,94.27
2008-01-08,95.76
2008-01-07,94.41
2008-01-04,97.03
2008-01-03,97.63
2008-01-02,97.79
2007-12-31,94.18
2007-12-28,93.9
2007-12-27,94.88
2007-12-26,93.87
2007-12-24,92.7
2007-12-21,92.28
2007-12-20,91.0
2007-12-19,91.75
2007-12-18,90.21
2007-12-17,91.36
2007-12-14,91.61
2007-12-13,92.19
2007-12-12,94.04
2007-12-11,89.76
2007-12-10,88.12
2007-12-07,88.55
2007-12-06,90.59
2007-12-05,88.52
2007-12-04,89.45
2007-12-03,89.85
2007-11-30,88.01
2007-11-29,90.32
2007-11-28,89.93
2007-11-27,92.53
2007-11-26,95.12
2007-11-23,95.7
2007-11-21,94.95
2007-11-20,95.43
2007-11-19,92.37
2007-11-16,91.58
