preco_medio_revenda,data,abrangencia
1.828,2004-05-12,Belo Horizonte
1.844,2004-05-19,Belo Horizonte
1.855,2004-05-26,Belo Horizonte
1.875,2004-06-02,Belo Horizonte
1.8659999999999999,2004-06-09,Belo Horizonte
1.8980000000000001,2004-06-16,Belo Horizonte
1.9580000000000002,2004-06-23,Belo Horizonte
1.964,2004-06-30,Belo Horizonte
1.954,2004-07-07,Belo Horizonte
1.96,2004-07-14,Belo Horizonte
1.952,2004-07-21,Belo Horizonte
1.9569999999999999,2004-07-28,Belo Horizonte
1.955,2004-08-04,Belo Horizonte
1.9769999999999999,2004-08-11,Belo Horizonte
1.9869999999999999,2004-08-18,Belo Horizonte
1.982,2004-08-25,Belo Horizonte
1.9769999999999999,2004-09-01,Belo Horizonte
1.9780000000000002,2004-09-08,Belo Horizonte
1.974,2004-09-15,Belo Horizonte
1.9709999999999999,2004-09-22,Belo Horizonte
1.959,2004-09-29,Belo Horizonte
1.9680000000000002,2004-10-06,Belo Horizonte
1.966,2004-10-13,Belo Horizonte
2.0140000000000002,2004-10-20,Belo Horizonte
2.012,2004-10-27,Belo Horizonte
2.019,2004-11-03,Belo Horizonte
2.028,2004-11-10,Belo Horizonte
2.036,2004-11-17,Belo Horizonte
2.0380000000000003,2004-11-24,Belo Horizonte
2.121,2004-12-01,Belo Horizonte
2.117,2004-12-08,Belo Horizonte
2.123,2004-12-15,Belo Horizonte
2.121,2004-12-22,Belo Horizonte
2.126,2004-12-29,Belo Horizonte
2.115,2005-01-05,Belo Horizonte
2.124,2005-01-12,Belo Horizonte
2.109,2005-01-19,Belo Horizonte
2.1180000000000003,2005-01-26,Belo Horizonte
2.103,2005-02-02,Belo Horizonte
2.115,2005-02-09,Belo Horizonte
2.104,2005-02-16,Belo Horizonte
2.1069999999999998,2005-02-23,Belo Horizonte
2.088,2005-03-02,Belo Horizonte
2.101,2005-03-09,Belo Horizonte
2.1,2005-03-16,Belo Horizonte
2.16,2005-03-23,Belo Horizonte
2.1590000000000003,2005-03-30,Belo Horizonte
2.162,2005-04-06,Belo Horizonte
2.151,2005-04-13,Belo Horizonte
2.155,2005-04-20,Belo Horizonte
2.123,2005-04-27,Belo Horizonte
2.1390000000000002,2005-05-04,Belo Horizonte
2.1069999999999998,2005-05-11,Belo Horizonte
2.113,2005-05-18,Belo Horizonte
2.0580000000000003,2005-05-25,Belo Horizonte
2.064,2005-06-01,Belo Horizonte
2.042,2005-06-08,Belo Horizonte
2.066,2005-06-15,Belo Horizonte
2.024,2005-06-22,Belo Horizonte
2.045,2005-06-29,Belo Horizonte
2.033,2005-07-06,Belo Horizonte
2.08,2005-07-13,Belo Horizonte
2.075,2005-07-20,Belo Horizonte
2.095,2005-07-27,Belo Horizonte
2.082,2005-08-03,Belo Horizonte
2.095,2005-08-10,Belo Horizonte
2.101,2005-08-31,Belo Horizonte
2.0780000000000003,2005-09-07,Belo Horizonte
2.242,2005-09-14,Belo Horizonte
2.254,2005-09-21,Belo Horizonte
2.23,2005-09-28,Belo Horizonte
2.276,2005-10-05,Belo Horizonte
2.278,2005-10-12,Belo Horizonte
2.274,2005-10-19,Belo Horizonte
2.273,2005-10-26,Belo Horizonte
2.266,2005-11-02,Belo Horizonte
2.273,2005-11-09,Belo Horizonte
2.265,2005-11-16,Belo Horizonte
2.2640000000000002,2005-11-23,Belo Horizonte
2.254,2005-11-30,Belo Horizonte
2.262,2005-12-07,Belo Horizonte
2.266,2005-12-14,Belo Horizonte
2.269,2005-12-21,Belo Horizonte
2.274,2005-12-28,Belo Horizonte
2.291,2006-01-04,Belo Horizonte
2.3480000000000003,2006-01-11,Belo Horizonte
2.351,2006-01-18,Belo Horizonte
2.347,2006-01-25,Belo Horizonte
2.346,2006-02-01,Belo Horizonte
2.352,2006-02-08,Belo Horizonte
2.353,2006-02-15,Belo Horizonte
2.351,2006-02-22,Belo Horizonte
2.394,2006-03-01,Belo Horizonte
2.4290000000000003,2006-03-08,Belo Horizonte
2.4290000000000003,2006-03-15,Belo Horizonte
2.428,2006-03-22,Belo Horizonte
2.424,2006-03-29,Belo Horizonte
2.415,2006-04-05,Belo Horizonte
2.417,2006-04-12,Belo Horizonte
2.407,2006-04-19,Belo Horizonte
2.412,2006-04-26,Belo Horizonte
2.419,2006-05-03,Belo Horizonte
2.414,2006-05-10,Belo Horizonte
2.405,2006-05-17,Belo Horizonte
2.397,2006-05-24,Belo Horizonte
2.383,2006-05-31,Belo Horizonte
2.373,2006-06-07,Belo Horizonte
2.365,2006-06-14,Belo Horizonte
2.366,2006-06-21,Belo Horizonte
2.356,2006-06-28,Belo Horizonte
2.36,2006-07-05,Belo Horizonte
2.3609999999999998,2006-07-12,Belo Horizonte
2.405,2006-07-19,Belo Horizonte
2.391,2006-07-26,Belo Horizonte
2.3890000000000002,2006-08-02,Belo Horizonte
2.377,2006-08-09,Belo Horizonte
2.373,2006-08-16,Belo Horizonte
2.374,2006-08-23,Belo Horizonte
2.3680000000000003,2006-08-30,Belo Horizonte
2.383,2006-09-06,Belo Horizonte
2.385,2006-09-13,Belo Horizonte
2.384,2006-09-20,Belo Horizonte
2.38,2006-09-27,Belo Horizonte
2.384,2006-10-04,Belo Horizonte
2.374,2006-10-11,Belo Horizonte
2.379,2006-10-18,Belo Horizonte
2.358,2006-10-25,Belo Horizonte
2.363,2006-11-01,Belo Horizonte
2.3569999999999998,2006-11-08,Belo Horizonte
2.359,2006-11-15,Belo Horizonte
2.34,2006-11-22,Belo Horizonte
2.329,2006-11-29,Belo Horizonte
2.359,2006-12-06,Belo Horizonte
2.3569999999999998,2006-12-13,Belo Horizonte
2.352,2006-12-20,Belo Horizonte
2.355,2006-12-27,Belo Horizonte
2.3480000000000003,2007-01-03,Belo Horizonte
2.3480000000000003,2007-01-10,Belo Horizonte
2.3480000000000003,2007-01-17,Belo Horizonte
2.346,2007-01-24,Belo Horizonte
2.338,2007-01-31,Belo Horizonte
2.322,2007-02-07,Belo Horizonte
2.3169999999999997,2007-02-14,Belo Horizonte
2.315,2007-02-21,Belo Horizonte
2.305,2007-02-28,Belo Horizonte
2.3040000000000003,2007-03-07,Belo Horizonte
2.477,2007-03-14,Belo Horizonte
2.468,2007-03-21,Belo Horizonte
2.448,2007-03-28,Belo Horizonte
2.432,2007-04-04,Belo Horizonte
2.435,2007-04-11,Belo Horizonte
2.427,2007-04-18,Belo Horizonte
2.4290000000000003,2007-04-25,Belo Horizonte
2.43,2007-05-02,Belo Horizonte
2.426,2007-05-09,Belo Horizonte
2.418,2007-05-16,Belo Horizonte
2.412,2007-05-23,Belo Horizonte
2.404,2007-05-30,Belo Horizonte
2.39,2007-06-06,Belo Horizonte
2.387,2007-06-13,Belo Horizonte
2.377,2007-06-20,Belo Horizonte
2.36,2007-06-27,Belo Horizonte
2.3480000000000003,2007-07-04,Belo Horizonte
2.3369999999999997,2007-07-11,Belo Horizonte
2.336,2007-07-18,Belo Horizonte
2.319,2007-07-25,Belo Horizonte
2.323,2007-08-01,Belo Horizonte
2.322,2007-08-08,Belo Horizonte
2.396,2007-08-15,Belo Horizonte
2.35,2007-08-22,Belo Horizonte
2.327,2007-08-29,Belo Horizonte
2.324,2007-09-05,Belo Horizonte
2.3,2007-09-12,Belo Horizonte
2.2969999999999997,2007-09-19,Belo Horizonte
2.2880000000000003,2007-09-26,Belo Horizonte
2.2769999999999997,2007-10-03,Belo Horizonte
2.27,2007-10-10,Belo Horizonte
2.275,2007-10-17,Belo Horizonte
2.269,2007-10-24,Belo Horizonte
2.272,2007-10-31,Belo Horizonte
2.282,2007-11-07,Belo Horizonte
2.307,2007-11-14,Belo Horizonte
2.398,2007-11-21,Belo Horizonte
2.394,2007-11-28,Belo Horizonte
2.372,2007-12-05,Belo Horizonte
2.374,2007-12-12,Belo Horizonte
2.3680000000000003,2007-12-19,Belo Horizonte
2.364,2007-12-26,Belo Horizonte
2.376,2008-01-02,Belo Horizonte
2.38,2008-01-09,Belo Horizonte
2.3680000000000003,2008-01-16,Belo Horizonte
2.366,2008-01-23,Belo Horizonte
2.354,2008-01-30,Belo Horizonte
2.352,2008-02-06,Belo Horizonte
2.346,2008-02-13,Belo Horizonte
2.343,2008-02-20,Belo Horizonte
2.344,2008-02-27,Belo Horizonte
2.335,2008-03-05,Belo Horizonte
2.338,2008-03-12,Belo Horizonte
2.384,2008-03-19,Belo Horizonte
2.388,2008-03-26,Belo Horizonte
2.3819999999999997,2008-04-02,Belo Horizonte
2.364,2008-04-09,Belo Horizonte
2.353,2008-04-16,Belo Horizonte
2.345,2008-04-23,Belo Horizonte
2.338,2008-04-30,Belo Horizonte
2.3280000000000003,2008-05-07,Belo Horizonte
2.333,2008-05-14,Belo Horizonte
2.3369999999999997,2008-05-21,Belo Horizonte
2.329,2008-05-28,Belo Horizonte
2.325,2008-06-04,Belo Horizonte
2.333,2008-06-11,Belo Horizonte
2.322,2008-06-18,Belo Horizonte
2.31,2008-06-25,Belo Horizonte
2.314,2008-07-02,Belo Horizonte
2.302,2008-07-09,Belo Horizonte
2.29,2008-07-16,Belo Horizonte
2.31,2008-07-23,Belo Horizonte
2.31,2008-07-30,Belo Horizonte
2.3080000000000003,2008-08-06,Belo Horizonte
2.325,2008-08-13,Belo Horizonte
2.322,2008-08-20,Belo Horizonte
2.306,2008-08-27,Belo Horizonte
2.351,2008-09-03,Belo Horizonte
2.329,2008-09-10,Belo Horizonte
2.325,2008-09-17,Belo Horizonte
2.3480000000000003,2008-09-24,Belo Horizonte
2.335,2008-10-01,Belo Horizonte
2.32,2008-10-08,Belo Horizonte
2.3609999999999998,2008-10-15,Belo Horizonte
2.322,2008-10-22,Belo Horizonte
2.323,2008-10-29,Belo Horizonte
2.334,2008-11-05,Belo Horizonte
2.332,2008-11-12,Belo Horizonte
2.318,2008-11-19,Belo Horizonte
2.333,2008-11-26,Belo Horizonte
2.338,2008-12-03,Belo Horizonte
2.325,2008-12-10,Belo Horizonte
2.323,2008-12-17,Belo Horizonte
2.335,2008-12-24,Belo Horizonte
2.322,2008-12-31,Belo Horizonte
2.335,2009-01-07,Belo Horizonte
2.3369999999999997,2009-01-14,Belo Horizonte
2.323,2009-01-21,Belo Horizonte
2.327,2009-01-28,Belo Horizonte
2.336,2009-02-04,Belo Horizonte
2.316,2009-02-11,Belo Horizonte
2.335,2009-02-18,Belo Horizonte
2.33,2009-02-25,Belo Horizonte
2.313,2009-03-04,Belo Horizonte
2.3169999999999997,2009-03-11,Belo Horizonte
2.334,2009-03-18,Belo Horizonte
2.313,2009-03-25,Belo Horizonte
2.319,2009-04-01,Belo Horizonte
2.323,2009-04-08,Belo Horizonte
2.299,2009-04-15,Belo Horizonte
2.312,2009-04-22,Belo Horizonte
2.316,2009-04-29,Belo Horizonte
2.292,2009-05-06,Belo Horizonte
2.303,2009-05-13,Belo Horizonte
2.316,2009-05-20,Belo Horizonte
2.281,2009-05-27,Belo Horizonte
2.292,2009-06-03,Belo Horizonte
2.294,2009-06-10,Belo Horizonte
2.2680000000000002,2009-06-17,Belo Horizonte
2.2680000000000002,2009-06-24,Belo Horizonte
2.285,2009-07-01,Belo Horizonte
2.285,2009-07-08,Belo Horizonte
2.2769999999999997,2009-07-15,Belo Horizonte
2.3040000000000003,2009-07-22,Belo Horizonte
2.309,2009-07-29,Belo Horizonte
2.311,2009-08-05,Belo Horizonte
2.315,2009-08-12,Belo Horizonte
2.301,2009-09-02,Belo Horizonte
2.306,2009-09-09,Belo Horizonte
2.299,2009-09-16,Belo Horizonte
2.309,2009-09-23,Belo Horizonte
2.312,2009-09-30,Belo Horizonte
2.335,2009-10-07,Belo Horizonte
2.335,2009-10-14,Belo Horizonte
2.349,2009-10-21,Belo Horizonte
2.384,2009-10-28,Belo Horizonte
2.367,2009-11-04,Belo Horizonte
2.376,2009-11-11,Belo Horizonte
2.414,2009-11-18,Belo Horizonte
2.383,2009-11-25,Belo Horizonte
2.3930000000000002,2009-12-02,Belo Horizonte
2.401,2009-12-09,Belo Horizonte
2.38,2009-12-16,Belo Horizonte
2.3819999999999997,2009-12-23,Belo Horizonte
2.399,2009-12-30,Belo Horizonte
2.403,2010-01-06,Belo Horizonte
2.392,2010-01-13,Belo Horizonte
2.411,2010-01-20,Belo Horizonte
2.4130000000000003,2010-01-27,Belo Horizonte
2.439,2010-02-03,Belo Horizonte
2.4619999999999997,2010-02-10,Belo Horizonte
2.475,2010-02-17,Belo Horizonte
2.452,2010-02-24,Belo Horizonte
2.467,2010-03-03,Belo Horizonte
2.4530000000000003,2010-03-10,Belo Horizonte
2.444,2010-03-17,Belo Horizonte
2.434,2010-03-24,Belo Horizonte
2.439,2010-03-31,Belo Horizonte
2.414,2010-04-07,Belo Horizonte
2.434,2010-04-14,Belo Horizonte
2.411,2010-04-21,Belo Horizonte
2.406,2010-04-28,Belo Horizonte
2.396,2010-05-05,Belo Horizonte
2.405,2010-05-12,Belo Horizonte
2.383,2010-05-19,Belo Horizonte
2.396,2010-05-26,Belo Horizonte
2.391,2010-06-02,Belo Horizonte
2.39,2010-06-09,Belo Horizonte
2.367,2010-06-16,Belo Horizonte
2.385,2010-06-23,Belo Horizonte
2.363,2010-06-30,Belo Horizonte
2.39,2010-07-07,Belo Horizonte
2.369,2010-07-14,Belo Horizonte
2.385,2010-07-21,Belo Horizonte
2.376,2010-07-28,Belo Horizonte
2.3890000000000002,2010-08-04,Belo Horizonte
2.3680000000000003,2010-08-11,Belo Horizonte
2.387,2010-08-18,Belo Horizonte
2.385,2010-08-25,Belo Horizonte
2.378,2010-09-01,Belo Horizonte
2.378,2010-09-08,Belo Horizonte
2.3819999999999997,2010-09-15,Belo Horizonte
2.386,2010-09-22,Belo Horizonte
2.3819999999999997,2010-09-29,Belo Horizonte
2.404,2010-10-06,Belo Horizonte
2.414,2010-10-13,Belo Horizonte
2.407,2010-10-20,Belo Horizonte
2.419,2010-10-27,Belo Horizonte
2.416,2010-11-03,Belo Horizonte
2.426,2010-11-10,Belo Horizonte
2.424,2010-11-17,Belo Horizonte
2.427,2010-11-24,Belo Horizonte
2.421,2010-12-01,Belo Horizonte
2.427,2010-12-08,Belo Horizonte
2.4290000000000003,2010-12-15,Belo Horizonte
2.458,2010-12-22,Belo Horizonte
2.456,2010-12-29,Belo Horizonte
2.4530000000000003,2011-01-05,Belo Horizonte
2.501,2011-01-12,Belo Horizonte
2.522,2011-01-19,Belo Horizonte
2.523,2011-01-26,Belo Horizonte
2.524,2011-02-02,Belo Horizonte
2.526,2011-02-09,Belo Horizonte
2.552,2011-02-16,Belo Horizonte
2.552,2011-02-23,Belo Horizonte
2.569,2011-03-02,Belo Horizonte
2.565,2011-03-09,Belo Horizonte
2.596,2011-03-16,Belo Horizonte
2.6069999999999998,2011-03-23,Belo Horizonte
2.638,2011-03-30,Belo Horizonte
2.722,2011-04-06,Belo Horizonte
2.765,2011-04-13,Belo Horizonte
2.821,2011-04-20,Belo Horizonte
2.835,2011-04-27,Belo Horizonte
2.8930000000000002,2011-05-04,Belo Horizonte
2.906,2011-05-11,Belo Horizonte
2.891,2011-05-18,Belo Horizonte
2.863,2011-05-25,Belo Horizonte
2.813,2011-06-01,Belo Horizonte
2.7910000000000004,2011-06-08,Belo Horizonte
2.7760000000000002,2011-06-15,Belo Horizonte
2.767,2011-06-22,Belo Horizonte
2.767,2011-06-29,Belo Horizonte
2.764,2011-07-06,Belo Horizonte
2.764,2011-07-13,Belo Horizonte
2.764,2011-07-20,Belo Horizonte
2.7510000000000003,2011-07-27,Belo Horizonte
2.747,2011-08-03,Belo Horizonte
2.753,2011-08-10,Belo Horizonte
2.786,2011-08-17,Belo Horizonte
2.8139999999999996,2011-08-24,Belo Horizonte
2.8280000000000003,2011-08-31,Belo Horizonte
2.824,2011-09-07,Belo Horizonte
2.832,2011-09-14,Belo Horizonte
2.823,2011-09-21,Belo Horizonte
2.812,2011-09-28,Belo Horizonte
2.805,2011-10-05,Belo Horizonte
2.792,2011-10-12,Belo Horizonte
2.784,2011-10-19,Belo Horizonte
2.787,2011-10-26,Belo Horizonte
2.764,2011-11-02,Belo Horizonte
2.778,2011-11-09,Belo Horizonte
2.762,2011-11-16,Belo Horizonte
2.766,2011-11-23,Belo Horizonte
2.7539999999999996,2011-11-30,Belo Horizonte
2.7689999999999997,2011-12-07,Belo Horizonte
2.7569999999999997,2011-12-14,Belo Horizonte
2.77,2011-12-21,Belo Horizonte
2.763,2011-12-28,Belo Horizonte
2.766,2012-01-04,Belo Horizonte
2.763,2012-01-11,Belo Horizonte
2.7680000000000002,2012-01-18,Belo Horizonte
2.747,2012-01-25,Belo Horizonte
2.76,2012-02-01,Belo Horizonte
2.748,2012-02-08,Belo Horizonte
2.752,2012-02-15,Belo Horizonte
2.7510000000000003,2012-02-22,Belo Horizonte
2.7710000000000004,2012-02-29,Belo Horizonte
2.742,2012-03-07,Belo Horizonte
2.7680000000000002,2012-03-14,Belo Horizonte
2.739,2012-03-21,Belo Horizonte
2.76,2012-03-28,Belo Horizonte
2.752,2012-04-04,Belo Horizonte
2.759,2012-04-11,Belo Horizonte
2.741,2012-04-18,Belo Horizonte
2.765,2012-04-25,Belo Horizonte
2.74,2012-05-02,Belo Horizonte
2.755,2012-05-09,Belo Horizonte
2.742,2012-05-16,Belo Horizonte
2.763,2012-05-23,Belo Horizonte
2.7439999999999998,2012-05-30,Belo Horizonte
2.763,2012-06-06,Belo Horizonte
2.7310000000000003,2012-06-13,Belo Horizonte
2.759,2012-06-20,Belo Horizonte
2.7119999999999997,2012-06-27,Belo Horizonte
2.742,2012-07-04,Belo Horizonte
2.6919999999999997,2012-07-11,Belo Horizonte
2.742,2012-07-18,Belo Horizonte
2.7030000000000003,2012-07-25,Belo Horizonte
2.725,2012-08-01,Belo Horizonte
2.698,2012-08-08,Belo Horizonte
2.735,2012-08-15,Belo Horizonte
2.7239999999999998,2012-08-22,Belo Horizonte
2.7110000000000003,2012-08-29,Belo Horizonte
2.714,2012-09-05,Belo Horizonte
2.694,2012-09-12,Belo Horizonte
2.694,2012-09-19,Belo Horizonte
2.7110000000000003,2012-09-26,Belo Horizonte
2.673,2012-10-03,Belo Horizonte
2.739,2012-10-10,Belo Horizonte
2.6919999999999997,2012-10-17,Belo Horizonte
2.761,2012-10-24,Belo Horizonte
2.721,2012-10-31,Belo Horizonte
2.764,2012-11-07,Belo Horizonte
2.716,2012-11-14,Belo Horizonte
2.7539999999999996,2012-11-21,Belo Horizonte
2.715,2012-11-28,Belo Horizonte
2.762,2012-12-05,Belo Horizonte
2.715,2012-12-12,Belo Horizonte
2.758,2012-12-19,Belo Horizonte
2.728,2012-12-26,Belo Horizonte
2.7680000000000002,2013-01-02,Belo Horizonte
2.725,2013-01-09,Belo Horizonte
2.758,2013-01-16,Belo Horizonte
2.716,2013-01-23,Belo Horizonte
2.76,2013-01-30,Belo Horizonte
2.765,2013-02-06,Belo Horizonte
2.844,2013-02-13,Belo Horizonte
2.825,2013-02-20,Belo Horizonte
2.86,2013-02-27,Belo Horizonte
2.825,2013-03-06,Belo Horizonte
2.864,2013-03-13,Belo Horizonte
2.827,2013-03-20,Belo Horizonte
2.86,2013-03-27,Belo Horizonte
2.804,2013-04-03,Belo Horizonte
2.855,2013-04-10,Belo Horizonte
2.787,2013-04-17,Belo Horizonte
2.8369999999999997,2013-04-24,Belo Horizonte
2.786,2013-05-01,Belo Horizonte
2.835,2013-05-08,Belo Horizonte
2.782,2013-05-15,Belo Horizonte
2.81,2013-05-22,Belo Horizonte
2.783,2013-05-29,Belo Horizonte
2.785,2013-06-05,Belo Horizonte
2.779,2013-06-12,Belo Horizonte
2.775,2013-06-19,Belo Horizonte
2.787,2013-06-26,Belo Horizonte
2.758,2013-07-03,Belo Horizonte
2.7560000000000002,2013-07-10,Belo Horizonte
2.741,2013-07-17,Belo Horizonte
2.737,2013-07-24,Belo Horizonte
2.734,2013-07-31,Belo Horizonte
2.736,2013-08-07,Belo Horizonte
2.735,2013-08-14,Belo Horizonte
2.734,2013-08-21,Belo Horizonte
2.7239999999999998,2013-08-28,Belo Horizonte
2.7239999999999998,2013-09-04,Belo Horizonte
2.716,2013-09-11,Belo Horizonte
2.714,2013-09-18,Belo Horizonte
2.717,2013-09-25,Belo Horizonte
2.717,2013-10-02,Belo Horizonte
2.71,2013-10-09,Belo Horizonte
2.71,2013-10-16,Belo Horizonte
2.7110000000000003,2013-10-23,Belo Horizonte
2.71,2013-10-30,Belo Horizonte
2.7119999999999997,2013-11-06,Belo Horizonte
2.714,2013-11-13,Belo Horizonte
2.713,2013-11-20,Belo Horizonte
2.714,2013-11-27,Belo Horizonte
2.805,2013-12-04,Belo Horizonte
2.838,2013-12-11,Belo Horizonte
2.8369999999999997,2013-12-18,Belo Horizonte
2.858,2013-12-25,Belo Horizonte
2.859,2014-01-01,Belo Horizonte
2.858,2014-01-08,Belo Horizonte
2.86,2014-01-15,Belo Horizonte
2.86,2014-01-22,Belo Horizonte
2.859,2014-01-29,Belo Horizonte
2.858,2014-02-05,Belo Horizonte
2.8339999999999996,2014-02-12,Belo Horizonte
2.841,2014-02-19,Belo Horizonte
2.855,2014-02-26,Belo Horizonte
2.8339999999999996,2014-03-05,Belo Horizonte
2.861,2014-03-12,Belo Horizonte
2.8739999999999997,2014-03-19,Belo Horizonte
2.873,2014-03-26,Belo Horizonte
2.878,2014-04-02,Belo Horizonte
2.8789999999999996,2014-04-09,Belo Horizonte
2.867,2014-04-16,Belo Horizonte
2.8680000000000003,2014-04-23,Belo Horizonte
2.87,2014-04-30,Belo Horizonte
2.867,2014-05-07,Belo Horizonte
2.864,2014-05-14,Belo Horizonte
2.862,2014-05-21,Belo Horizonte
2.858,2014-05-28,Belo Horizonte
2.858,2014-06-04,Belo Horizonte
2.855,2014-06-11,Belo Horizonte
2.843,2014-06-18,Belo Horizonte
2.847,2014-06-25,Belo Horizonte
2.8510000000000004,2014-07-02,Belo Horizonte
2.852,2014-07-09,Belo Horizonte
2.85,2014-07-16,Belo Horizonte
2.853,2014-07-23,Belo Horizonte
2.8489999999999998,2014-07-30,Belo Horizonte
2.8480000000000003,2014-08-06,Belo Horizonte
2.8489999999999998,2014-08-13,Belo Horizonte
2.844,2014-08-20,Belo Horizonte
2.842,2014-08-27,Belo Horizonte
2.845,2014-09-03,Belo Horizonte
2.841,2014-09-10,Belo Horizonte
2.832,2014-09-17,Belo Horizonte
2.83,2014-09-24,Belo Horizonte
2.819,2014-10-01,Belo Horizonte
2.8169999999999997,2014-10-08,Belo Horizonte
2.8139999999999996,2014-10-15,Belo Horizonte
2.81,2014-10-22,Belo Horizonte
2.812,2014-10-29,Belo Horizonte
2.8080000000000003,2014-11-05,Belo Horizonte
2.8810000000000002,2014-11-12,Belo Horizonte
2.888,2014-11-19,Belo Horizonte
2.8939999999999997,2014-11-26,Belo Horizonte
2.8939999999999997,2014-12-03,Belo Horizonte
2.892,2014-12-10,Belo Horizonte
2.898,2014-12-17,Belo Horizonte
2.9,2014-12-24,Belo Horizonte
2.8989999999999996,2014-12-31,Belo Horizonte
2.9019999999999997,2015-01-07,Belo Horizonte
2.903,2015-01-14,Belo Horizonte
2.897,2015-01-21,Belo Horizonte
2.906,2015-01-28,Belo Horizonte
3.2060000000000004,2015-02-04,Belo Horizonte
3.207,2015-02-11,Belo Horizonte
3.208,2015-02-18,Belo Horizonte
3.279,2015-02-25,Belo Horizonte
3.282,2015-03-04,Belo Horizonte
3.298,2015-03-11,Belo Horizonte
3.265,2015-03-18,Belo Horizonte
3.272,2015-03-25,Belo Horizonte
3.273,2015-04-01,Belo Horizonte
3.272,2015-04-08,Belo Horizonte
3.318,2015-04-15,Belo Horizonte
3.319,2015-04-22,Belo Horizonte
3.302,2015-04-29,Belo Horizonte
3.2910000000000004,2015-05-06,Belo Horizonte
3.29,2015-05-13,Belo Horizonte
3.306,2015-05-20,Belo Horizonte
3.295,2015-05-27,Belo Horizonte
3.295,2015-06-03,Belo Horizonte
3.2889999999999997,2015-06-10,Belo Horizonte
3.292,2015-06-17,Belo Horizonte
3.3,2015-06-24,Belo Horizonte
3.2969999999999997,2015-07-01,Belo Horizonte
3.2680000000000002,2015-07-08,Belo Horizonte
3.265,2015-07-15,Belo Horizonte
3.2710000000000004,2015-07-22,Belo Horizonte
3.2710000000000004,2015-07-29,Belo Horizonte
3.264,2015-08-05,Belo Horizonte
3.253,2015-08-12,Belo Horizonte
3.165,2015-08-26,Belo Horizonte
3.161,2015-09-02,Belo Horizonte
3.158,2015-09-09,Belo Horizonte
3.158,2015-09-16,Belo Horizonte
3.156,2015-09-23,Belo Horizonte
3.1919999999999997,2015-09-30,Belo Horizonte
3.385,2015-10-07,Belo Horizonte
3.4019999999999997,2015-10-14,Belo Horizonte
3.405,2015-10-21,Belo Horizonte
3.43,2015-10-28,Belo Horizonte
3.427,2015-11-04,Belo Horizonte
3.4810000000000003,2015-11-11,Belo Horizonte
3.502,2015-11-18,Belo Horizonte
3.5069999999999997,2015-11-25,Belo Horizonte
3.522,2015-12-02,Belo Horizonte
3.525,2015-12-09,Belo Horizonte
3.513,2015-12-16,Belo Horizonte
3.5060000000000002,2015-12-23,Belo Horizonte
3.535,2015-12-30,Belo Horizonte
3.5389999999999997,2016-01-06,Belo Horizonte
3.5210000000000004,2016-01-13,Belo Horizonte
3.594,2016-01-20,Belo Horizonte
3.628,2016-01-27,Belo Horizonte
3.64,2016-02-03,Belo Horizonte
3.64,2016-02-10,Belo Horizonte
3.5589999999999997,2016-02-17,Belo Horizonte
3.625,2016-02-24,Belo Horizonte
3.636,2016-03-02,Belo Horizonte
3.628,2016-03-09,Belo Horizonte
3.608,2016-03-16,Belo Horizonte
3.633,2016-03-23,Belo Horizonte
3.582,2016-03-30,Belo Horizonte
3.6689999999999996,2016-04-06,Belo Horizonte
3.656,2016-04-13,Belo Horizonte
3.571,2016-04-20,Belo Horizonte
3.62,2016-04-27,Belo Horizonte
3.64,2016-05-04,Belo Horizonte
3.529,2016-05-11,Belo Horizonte
3.5780000000000003,2016-05-18,Belo Horizonte
3.603,2016-05-25,Belo Horizonte
3.5039999999999996,2016-06-01,Belo Horizonte
3.58,2016-06-08,Belo Horizonte
3.592,2016-06-15,Belo Horizonte
3.513,2016-06-22,Belo Horizonte
3.5869999999999997,2016-06-29,Belo Horizonte
3.595,2016-07-06,Belo Horizonte
3.5039999999999996,2016-07-13,Belo Horizonte
3.5869999999999997,2016-07-20,Belo Horizonte
3.585,2016-07-27,Belo Horizonte
3.513,2016-08-03,Belo Horizonte
3.594,2016-08-10,Belo Horizonte
3.59,2016-08-17,Belo Horizonte
3.513,2016-08-24,Belo Horizonte
3.589,2016-08-31,Belo Horizonte
3.575,2016-09-07,Belo Horizonte
3.577,2016-09-14,Belo Horizonte
3.438,2016-09-21,Belo Horizonte
3.565,2016-09-28,Belo Horizonte
3.5780000000000003,2016-10-05,Belo Horizonte
3.535,2016-10-12,Belo Horizonte
3.6210000000000004,2016-10-19,Belo Horizonte
3.633,2016-10-26,Belo Horizonte
3.5580000000000003,2016-11-02,Belo Horizonte
3.6310000000000002,2016-11-09,Belo Horizonte
3.531,2016-11-16,Belo Horizonte
3.58,2016-11-23,Belo Horizonte
3.6,2016-11-30,Belo Horizonte
3.596,2016-12-07,Belo Horizonte
3.655,2016-12-14,Belo Horizonte
3.634,2016-12-21,Belo Horizonte
3.681,2016-12-28,Belo Horizonte
3.717,2017-01-04,Belo Horizonte
3.736,2017-01-11,Belo Horizonte
3.7319999999999998,2017-01-18,Belo Horizonte
3.752,2017-01-25,Belo Horizonte
3.716,2017-02-01,Belo Horizonte
3.7439999999999998,2017-02-08,Belo Horizonte
3.713,2017-02-15,Belo Horizonte
3.713,2017-02-22,Belo Horizonte
3.699,2017-03-01,Belo Horizonte
3.67,2017-03-08,Belo Horizonte
3.659,2017-03-15,Belo Horizonte
3.625,2017-03-22,Belo Horizonte
3.582,2017-03-29,Belo Horizonte
3.575,2017-04-05,Belo Horizonte
3.5869999999999997,2017-04-12,Belo Horizonte
3.6189999999999998,2017-04-19,Belo Horizonte
3.5210000000000004,2017-04-26,Belo Horizonte
3.635,2017-05-03,Belo Horizonte
3.529,2017-05-10,Belo Horizonte
3.602,2017-05-17,Belo Horizonte
3.54,2017-05-24,Belo Horizonte
3.553,2017-05-31,Belo Horizonte
3.4989999999999997,2017-06-07,Belo Horizonte
3.552,2017-06-14,Belo Horizonte
3.4810000000000003,2017-06-21,Belo Horizonte
3.52,2017-06-28,Belo Horizonte
3.467,2017-07-05,Belo Horizonte
3.517,2017-07-12,Belo Horizonte
3.444,2017-07-19,Belo Horizonte
3.701,2017-07-26,Belo Horizonte
3.728,2017-08-02,Belo Horizonte
3.678,2017-08-09,Belo Horizonte
3.766,2017-08-16,Belo Horizonte
3.694,2017-08-23,Belo Horizonte
3.805,2017-08-30,Belo Horizonte
3.883,2017-09-06,Belo Horizonte
3.937,2017-09-13,Belo Horizonte
3.917,2017-09-20,Belo Horizonte
3.9360000000000004,2017-09-27,Belo Horizonte
3.928,2017-10-04,Belo Horizonte
3.9330000000000003,2017-10-11,Belo Horizonte
3.92,2017-10-18,Belo Horizonte
3.927,2017-10-25,Belo Horizonte
3.895,2017-11-01,Belo Horizonte
3.9410000000000003,2017-11-08,Belo Horizonte
3.8989999999999996,2017-11-15,Belo Horizonte
3.9339999999999997,2017-11-22,Belo Horizonte
3.9339999999999997,2017-11-29,Belo Horizonte
3.983,2017-12-06,Belo Horizonte
4.006,2017-12-13,Belo Horizonte
4.085,2017-12-20,Belo Horizonte
4.087,2017-12-27,Belo Horizonte
4.677,2020-01-08,Belo Horizonte
4.6739999999999995,2020-01-15,Belo Horizonte
4.689,2020-01-22,Belo Horizonte
4.681,2020-01-29,Belo Horizonte
4.5280000000000005,2019-01-02,Belo Horizonte
4.478,2019-01-09,Belo Horizonte
4.453,2019-01-16,Belo Horizonte
4.448,2019-01-23,Belo Horizonte
4.388,2019-01-30,Belo Horizonte
4.414,2019-02-06,Belo Horizonte
4.314,2019-02-13,Belo Horizonte
4.3839999999999995,2019-02-20,Belo Horizonte
4.477,2019-02-27,Belo Horizonte
4.5089999999999995,2019-03-06,Belo Horizonte
4.511,2019-03-13,Belo Horizonte
4.555,2019-03-20,Belo Horizonte
4.567,2019-03-27,Belo Horizonte
4.53,2019-04-03,Belo Horizonte
4.552,2019-04-10,Belo Horizonte
4.577,2019-04-17,Belo Horizonte
4.718999999999999,2019-04-24,Belo Horizonte
4.746,2019-05-01,Belo Horizonte
4.781000000000001,2019-05-08,Belo Horizonte
4.775,2019-05-15,Belo Horizonte
4.775,2019-05-22,Belo Horizonte
4.755,2019-05-29,Belo Horizonte
4.703,2019-06-05,Belo Horizonte
4.685,2019-06-12,Belo Horizonte
4.6080000000000005,2019-06-19,Belo Horizonte
4.635,2019-06-26,Belo Horizonte
4.5680000000000005,2019-07-03,Belo Horizonte
4.605,2019-07-10,Belo Horizonte
4.513999999999999,2019-07-17,Belo Horizonte
4.539,2019-07-24,Belo Horizonte
4.521,2019-07-31,Belo Horizonte
4.529,2019-08-07,Belo Horizonte
4.548,2019-08-14,Belo Horizonte
4.499,2019-08-21,Belo Horizonte
4.442,2019-08-28,Belo Horizonte
4.406000000000001,2019-09-04,Belo Horizonte
4.4319999999999995,2019-09-11,Belo Horizonte
4.448,2019-09-18,Belo Horizonte
4.519,2019-09-25,Belo Horizonte
4.537,2019-10-02,Belo Horizonte
4.619,2019-10-09,Belo Horizonte
4.5489999999999995,2019-10-16,Belo Horizonte
4.496,2019-10-23,Belo Horizonte
4.56,2019-10-30,Belo Horizonte
4.619,2019-11-06,Belo Horizonte
4.558,2019-11-13,Belo Horizonte
4.526,2019-11-20,Belo Horizonte
4.577,2019-11-27,Belo Horizonte
4.74,2019-12-04,Belo Horizonte
4.655,2019-12-11,Belo Horizonte
4.662,2019-12-18,Belo Horizonte
4.6530000000000005,2019-12-25,Belo Horizonte
4.768,2020-01-01,Belo Horizonte
4.206,2018-01-03,Belo Horizonte
4.275,2018-01-10,Belo Horizonte
4.2589999999999995,2018-01-17,Belo Horizonte
4.297,2018-01-24,Belo Horizonte
4.302,2018-01-31,Belo Horizonte
4.333,2018-02-07,Belo Horizonte
4.3469999999999995,2018-02-14,Belo Horizonte
4.3260000000000005,2018-02-21,Belo Horizonte
4.341,2018-02-28,Belo Horizonte
4.331,2018-03-07,Belo Horizonte
4.336,2018-03-14,Belo Horizonte
4.357,2018-03-21,Belo Horizonte
4.388999999999999,2018-03-28,Belo Horizonte
4.391,2018-04-04,Belo Horizonte
4.382,2018-04-11,Belo Horizonte
4.388,2018-04-18,Belo Horizonte
4.375,2018-04-25,Belo Horizonte
4.378,2018-05-02,Belo Horizonte
4.391,2018-05-09,Belo Horizonte
4.4239999999999995,2018-05-16,Belo Horizonte
4.558,2018-05-23,Belo Horizonte
4.887,2018-06-06,Belo Horizonte
4.824,2018-06-13,Belo Horizonte
4.853,2018-06-20,Belo Horizonte
4.795,2018-06-27,Belo Horizonte
4.835,2018-07-04,Belo Horizonte
4.749,2018-07-11,Belo Horizonte
4.721,2018-07-18,Belo Horizonte
4.717,2018-07-25,Belo Horizonte
4.721,2018-08-01,Belo Horizonte
4.666,2018-08-08,Belo Horizonte
4.677,2018-08-15,Belo Horizonte
4.641,2018-08-22,Belo Horizonte
4.668,2018-08-29,Belo Horizonte
4.794,2018-09-05,Belo Horizonte
4.838,2018-09-12,Belo Horizonte
4.8580000000000005,2018-09-19,Belo Horizonte
4.8580000000000005,2018-09-26,Belo Horizonte
4.863,2018-10-03,Belo Horizonte
4.86,2018-10-10,Belo Horizonte
4.861000000000001,2018-10-17,Belo Horizonte
4.8660000000000005,2018-10-24,Belo Horizonte
4.849,2018-10-31,Belo Horizonte
4.814,2018-11-07,Belo Horizonte
4.773,2018-11-14,Belo Horizonte
4.735,2018-11-21,Belo Horizonte
4.636,2018-11-28,Belo Horizonte
4.548,2018-12-05,Belo Horizonte
4.552,2018-12-12,Belo Horizonte
4.5280000000000005,2018-12-19,Belo Horizonte
4.51,2018-12-26,Belo Horizonte
2.083,2004-05-12,Brasil
2.083,2004-05-19,Brasil
2.084,2004-05-26,Brasil
2.096,2004-06-02,Brasil
2.103,2004-06-09,Brasil
2.134,2004-06-16,Brasil
2.213,2004-06-23,Brasil
2.209,2004-06-30,Brasil
2.208,2004-07-07,Brasil
2.2,2004-07-14,Brasil
2.197,2004-07-21,Brasil
2.208,2004-07-28,Brasil
2.2119999999999997,2004-08-04,Brasil
2.225,2004-08-11,Brasil
2.231,2004-08-18,Brasil
2.2319999999999998,2004-08-25,Brasil
2.2319999999999998,2004-09-01,Brasil
2.233,2004-09-08,Brasil
2.2319999999999998,2004-09-15,Brasil
2.2319999999999998,2004-09-22,Brasil
2.23,2004-09-29,Brasil
2.23,2004-10-06,Brasil
2.233,2004-10-13,Brasil
2.291,2004-10-20,Brasil
2.292,2004-10-27,Brasil
2.18,2004-11-03,Brasil
2.2,2004-11-10,Brasil
2.202,2004-11-17,Brasil
2.21,2004-11-24,Brasil
2.302,2004-12-01,Brasil
2.307,2004-12-08,Brasil
2.3,2004-12-15,Brasil
2.305,2004-12-22,Brasil
2.302,2004-12-29,Brasil
2.302,2005-01-05,Brasil
2.2969999999999997,2005-01-12,Brasil
2.296,2005-01-19,Brasil
2.292,2005-01-26,Brasil
2.292,2005-02-02,Brasil
2.2880000000000003,2005-02-09,Brasil
2.285,2005-02-16,Brasil
2.283,2005-02-23,Brasil
2.287,2005-03-02,Brasil
2.29,2005-03-09,Brasil
2.289,2005-03-16,Brasil
2.294,2005-03-23,Brasil
2.294,2005-03-30,Brasil
2.306,2005-04-06,Brasil
2.303,2005-04-13,Brasil
2.301,2005-04-20,Brasil
2.299,2005-04-27,Brasil
2.294,2005-05-04,Brasil
2.295,2005-05-11,Brasil
2.283,2005-05-18,Brasil
2.27,2005-05-25,Brasil
2.2680000000000002,2005-06-01,Brasil
2.261,2005-06-08,Brasil
2.252,2005-06-15,Brasil
2.255,2005-06-22,Brasil
2.254,2005-06-29,Brasil
2.259,2005-07-06,Brasil
2.269,2005-07-13,Brasil
2.272,2005-07-20,Brasil
2.271,2005-07-27,Brasil
2.275,2005-08-03,Brasil
2.275,2005-08-10,Brasil
2.263,2005-08-31,Brasil
2.267,2005-09-07,Brasil
2.445,2005-09-14,Brasil
2.449,2005-09-21,Brasil
2.438,2005-09-28,Brasil
2.455,2005-10-05,Brasil
2.474,2005-10-12,Brasil
2.467,2005-10-19,Brasil
2.474,2005-10-26,Brasil
2.476,2005-11-02,Brasil
2.481,2005-11-09,Brasil
2.481,2005-11-16,Brasil
2.475,2005-11-23,Brasil
2.475,2005-11-30,Brasil
2.476,2005-12-07,Brasil
2.485,2005-12-14,Brasil
2.4859999999999998,2005-12-21,Brasil
2.4859999999999998,2005-12-28,Brasil
2.496,2006-01-04,Brasil
2.516,2006-01-11,Brasil
2.513,2006-01-18,Brasil
2.5140000000000002,2006-01-25,Brasil
2.513,2006-02-01,Brasil
2.522,2006-02-08,Brasil
2.523,2006-02-15,Brasil
2.524,2006-02-22,Brasil
2.551,2006-03-01,Brasil
2.602,2006-03-08,Brasil
2.6,2006-03-15,Brasil
2.589,2006-03-22,Brasil
2.58,2006-03-29,Brasil
2.585,2006-04-05,Brasil
2.5980000000000003,2006-04-12,Brasil
2.5989999999999998,2006-04-19,Brasil
2.6010000000000004,2006-04-26,Brasil
2.596,2006-05-03,Brasil
2.59,2006-05-10,Brasil
2.583,2006-05-17,Brasil
2.574,2006-05-24,Brasil
2.56,2006-05-31,Brasil
2.55,2006-06-07,Brasil
2.544,2006-06-14,Brasil
2.5380000000000003,2006-06-21,Brasil
2.546,2006-06-28,Brasil
2.551,2006-07-05,Brasil
2.5540000000000003,2006-07-12,Brasil
2.553,2006-07-19,Brasil
2.57,2006-07-26,Brasil
2.5660000000000003,2006-08-02,Brasil
2.559,2006-08-09,Brasil
2.5540000000000003,2006-08-16,Brasil
2.559,2006-08-23,Brasil
2.56,2006-08-30,Brasil
2.559,2006-09-06,Brasil
2.5540000000000003,2006-09-13,Brasil
2.557,2006-09-20,Brasil
2.546,2006-09-27,Brasil
2.548,2006-10-04,Brasil
2.55,2006-10-11,Brasil
2.55,2006-10-18,Brasil
2.548,2006-10-25,Brasil
2.543,2006-11-01,Brasil
2.5340000000000003,2006-11-08,Brasil
2.546,2006-11-15,Brasil
2.542,2006-11-22,Brasil
2.529,2006-11-29,Brasil
2.5340000000000003,2006-12-06,Brasil
2.531,2006-12-13,Brasil
2.5269999999999997,2006-12-20,Brasil
2.532,2006-12-27,Brasil
2.531,2007-01-03,Brasil
2.531,2007-01-10,Brasil
2.528,2007-01-17,Brasil
2.52,2007-01-24,Brasil
2.5069999999999997,2007-01-31,Brasil
2.508,2007-02-07,Brasil
2.521,2007-02-14,Brasil
2.524,2007-02-21,Brasil
2.513,2007-02-28,Brasil
2.513,2007-03-07,Brasil
2.521,2007-03-14,Brasil
2.524,2007-03-21,Brasil
2.517,2007-03-28,Brasil
2.5180000000000002,2007-04-04,Brasil
2.528,2007-04-11,Brasil
2.5380000000000003,2007-04-18,Brasil
2.546,2007-04-25,Brasil
2.544,2007-05-02,Brasil
2.544,2007-05-09,Brasil
2.541,2007-05-16,Brasil
2.535,2007-05-23,Brasil
2.535,2007-05-30,Brasil
2.536,2007-06-06,Brasil
2.531,2007-06-13,Brasil
2.524,2007-06-20,Brasil
2.517,2007-06-27,Brasil
2.516,2007-07-04,Brasil
2.513,2007-07-11,Brasil
2.5069999999999997,2007-07-18,Brasil
2.5,2007-07-25,Brasil
2.49,2007-08-01,Brasil
2.49,2007-08-08,Brasil
2.488,2007-08-15,Brasil
2.487,2007-08-22,Brasil
2.477,2007-08-29,Brasil
2.476,2007-09-05,Brasil
2.471,2007-09-12,Brasil
2.469,2007-09-19,Brasil
2.468,2007-09-26,Brasil
2.477,2007-10-03,Brasil
2.4730000000000003,2007-10-10,Brasil
2.47,2007-10-17,Brasil
2.48,2007-10-24,Brasil
2.476,2007-10-31,Brasil
2.475,2007-11-07,Brasil
2.481,2007-11-14,Brasil
2.4930000000000003,2007-11-21,Brasil
2.498,2007-11-28,Brasil
2.503,2007-12-05,Brasil
2.509,2007-12-12,Brasil
2.51,2007-12-19,Brasil
2.512,2007-12-26,Brasil
2.513,2008-01-02,Brasil
2.51,2008-01-09,Brasil
2.5069999999999997,2008-01-16,Brasil
2.502,2008-01-23,Brasil
2.497,2008-01-30,Brasil
2.497,2008-02-06,Brasil
2.49,2008-02-13,Brasil
2.485,2008-02-20,Brasil
2.483,2008-02-27,Brasil
2.484,2008-03-05,Brasil
2.505,2008-03-12,Brasil
2.496,2008-03-19,Brasil
2.488,2008-03-26,Brasil
2.498,2008-04-02,Brasil
2.495,2008-04-09,Brasil
2.488,2008-04-16,Brasil
2.494,2008-04-23,Brasil
2.49,2008-04-30,Brasil
2.49,2008-05-07,Brasil
2.496,2008-05-14,Brasil
2.495,2008-05-21,Brasil
2.494,2008-05-28,Brasil
2.4859999999999998,2008-06-04,Brasil
2.49,2008-06-11,Brasil
2.491,2008-06-18,Brasil
2.492,2008-06-25,Brasil
2.492,2008-07-02,Brasil
2.502,2008-07-09,Brasil
2.497,2008-07-16,Brasil
2.494,2008-07-23,Brasil
2.492,2008-07-30,Brasil
2.499,2008-08-06,Brasil
2.498,2008-08-13,Brasil
2.501,2008-08-20,Brasil
2.502,2008-08-27,Brasil
2.51,2008-09-03,Brasil
2.5069999999999997,2008-09-10,Brasil
2.504,2008-09-17,Brasil
2.504,2008-09-24,Brasil
2.503,2008-10-01,Brasil
2.503,2008-10-08,Brasil
2.509,2008-10-15,Brasil
2.512,2008-10-22,Brasil
2.515,2008-10-29,Brasil
2.515,2008-11-05,Brasil
2.513,2008-11-12,Brasil
2.511,2008-11-19,Brasil
2.513,2008-11-26,Brasil
2.511,2008-12-03,Brasil
2.5180000000000002,2008-12-10,Brasil
2.519,2008-12-17,Brasil
2.523,2008-12-24,Brasil
2.521,2008-12-31,Brasil
2.521,2009-01-07,Brasil
2.516,2009-01-14,Brasil
2.512,2009-01-21,Brasil
2.516,2009-01-28,Brasil
2.517,2009-02-04,Brasil
2.52,2009-02-11,Brasil
2.517,2009-02-18,Brasil
2.517,2009-02-25,Brasil
2.516,2009-03-04,Brasil
2.5140000000000002,2009-03-11,Brasil
2.5140000000000002,2009-03-18,Brasil
2.51,2009-03-25,Brasil
2.513,2009-04-01,Brasil
2.506,2009-04-08,Brasil
2.502,2009-04-15,Brasil
2.497,2009-04-22,Brasil
2.496,2009-04-29,Brasil
2.491,2009-05-06,Brasil
2.487,2009-05-13,Brasil
2.484,2009-05-20,Brasil
2.487,2009-05-27,Brasil
2.487,2009-06-03,Brasil
2.491,2009-06-10,Brasil
2.488,2009-06-17,Brasil
2.487,2009-06-24,Brasil
2.49,2009-07-01,Brasil
2.491,2009-07-08,Brasil
2.494,2009-07-15,Brasil
2.495,2009-07-22,Brasil
2.4930000000000003,2009-07-29,Brasil
2.496,2009-08-05,Brasil
2.499,2009-08-12,Brasil
2.469,2009-09-02,Brasil
2.474,2009-09-09,Brasil
2.487,2009-09-16,Brasil
2.488,2009-09-23,Brasil
2.4859999999999998,2009-09-30,Brasil
2.519,2009-10-07,Brasil
2.523,2009-10-14,Brasil
2.529,2009-10-21,Brasil
2.536,2009-10-28,Brasil
2.54,2009-11-04,Brasil
2.55,2009-11-11,Brasil
2.553,2009-11-18,Brasil
2.552,2009-11-25,Brasil
2.557,2009-12-02,Brasil
2.555,2009-12-09,Brasil
2.553,2009-12-16,Brasil
2.555,2009-12-23,Brasil
2.5610000000000004,2009-12-30,Brasil
2.574,2010-01-06,Brasil
2.5839999999999996,2010-01-13,Brasil
2.593,2010-01-20,Brasil
2.592,2010-01-27,Brasil
2.6,2010-02-03,Brasil
2.622,2010-02-10,Brasil
2.6180000000000003,2010-02-17,Brasil
2.603,2010-02-24,Brasil
2.596,2010-03-03,Brasil
2.585,2010-03-10,Brasil
2.576,2010-03-17,Brasil
2.571,2010-03-24,Brasil
2.56,2010-03-31,Brasil
2.553,2010-04-07,Brasil
2.55,2010-04-14,Brasil
2.56,2010-04-21,Brasil
2.556,2010-04-28,Brasil
2.553,2010-05-05,Brasil
2.557,2010-05-12,Brasil
2.549,2010-05-19,Brasil
2.542,2010-05-26,Brasil
2.541,2010-06-02,Brasil
2.5340000000000003,2010-06-09,Brasil
2.532,2010-06-16,Brasil
2.533,2010-06-23,Brasil
2.529,2010-06-30,Brasil
2.53,2010-07-07,Brasil
2.529,2010-07-14,Brasil
2.535,2010-07-21,Brasil
2.54,2010-07-28,Brasil
2.542,2010-08-04,Brasil
2.539,2010-08-11,Brasil
2.542,2010-08-18,Brasil
2.545,2010-08-25,Brasil
2.545,2010-09-01,Brasil
2.548,2010-09-08,Brasil
2.545,2010-09-15,Brasil
2.544,2010-09-22,Brasil
2.541,2010-09-29,Brasil
2.5469999999999997,2010-10-06,Brasil
2.575,2010-10-13,Brasil
2.58,2010-10-20,Brasil
2.5860000000000003,2010-10-27,Brasil
2.5860000000000003,2010-11-03,Brasil
2.585,2010-11-10,Brasil
2.592,2010-11-17,Brasil
2.592,2010-11-24,Brasil
2.593,2010-12-01,Brasil
2.597,2010-12-08,Brasil
2.6010000000000004,2010-12-15,Brasil
2.6010000000000004,2010-12-22,Brasil
2.609,2010-12-29,Brasil
2.61,2011-01-05,Brasil
2.61,2011-01-12,Brasil
2.615,2011-01-19,Brasil
2.613,2011-01-26,Brasil
2.617,2011-02-02,Brasil
2.62,2011-02-09,Brasil
2.62,2011-02-16,Brasil
2.628,2011-02-23,Brasil
2.635,2011-03-02,Brasil
2.6510000000000002,2011-03-09,Brasil
2.6660000000000004,2011-03-16,Brasil
2.685,2011-03-23,Brasil
2.713,2011-03-30,Brasil
2.78,2011-04-06,Brasil
2.806,2011-04-13,Brasil
2.8289999999999997,2011-04-20,Brasil
2.8789999999999996,2011-04-27,Brasil
2.9010000000000002,2011-05-04,Brasil
2.883,2011-05-11,Brasil
2.8360000000000003,2011-05-18,Brasil
2.7939999999999996,2011-05-25,Brasil
2.766,2011-06-01,Brasil
2.745,2011-06-08,Brasil
2.737,2011-06-15,Brasil
2.73,2011-06-22,Brasil
2.737,2011-06-29,Brasil
2.734,2011-07-06,Brasil
2.734,2011-07-13,Brasil
2.733,2011-07-20,Brasil
2.739,2011-07-27,Brasil
2.7319999999999998,2011-08-03,Brasil
2.733,2011-08-10,Brasil
2.733,2011-08-17,Brasil
2.737,2011-08-24,Brasil
2.745,2011-08-31,Brasil
2.745,2011-09-07,Brasil
2.747,2011-09-14,Brasil
2.7439999999999998,2011-09-21,Brasil
2.733,2011-09-28,Brasil
2.755,2011-10-05,Brasil
2.7510000000000003,2011-10-12,Brasil
2.7489999999999997,2011-10-19,Brasil
2.745,2011-10-26,Brasil
2.7439999999999998,2011-11-02,Brasil
2.745,2011-11-09,Brasil
2.741,2011-11-16,Brasil
2.75,2011-11-23,Brasil
2.7510000000000003,2011-11-30,Brasil
2.7489999999999997,2011-12-07,Brasil
2.752,2011-12-14,Brasil
2.7460000000000004,2011-12-21,Brasil
2.7539999999999996,2011-12-28,Brasil
2.75,2012-01-04,Brasil
2.7489999999999997,2012-01-11,Brasil
2.742,2012-01-18,Brasil
2.735,2012-01-25,Brasil
2.736,2012-02-01,Brasil
2.736,2012-02-08,Brasil
2.7310000000000003,2012-02-15,Brasil
2.735,2012-02-22,Brasil
2.733,2012-02-29,Brasil
2.741,2012-03-07,Brasil
2.7430000000000003,2012-03-14,Brasil
2.739,2012-03-21,Brasil
2.741,2012-03-28,Brasil
2.741,2012-04-04,Brasil
2.742,2012-04-11,Brasil
2.7439999999999998,2012-04-18,Brasil
2.741,2012-04-25,Brasil
2.738,2012-05-02,Brasil
2.735,2012-05-09,Brasil
2.741,2012-05-16,Brasil
2.733,2012-05-23,Brasil
2.735,2012-05-30,Brasil
2.7319999999999998,2012-06-06,Brasil
2.734,2012-06-13,Brasil
2.73,2012-06-20,Brasil
2.727,2012-06-27,Brasil
2.7260000000000004,2012-07-04,Brasil
2.7289999999999996,2012-07-11,Brasil
2.7319999999999998,2012-07-18,Brasil
2.728,2012-07-25,Brasil
2.7230000000000003,2012-08-01,Brasil
2.7260000000000004,2012-08-08,Brasil
2.728,2012-08-15,Brasil
2.7239999999999998,2012-08-22,Brasil
2.7230000000000003,2012-08-29,Brasil
2.7239999999999998,2012-09-05,Brasil
2.72,2012-09-12,Brasil
2.7260000000000004,2012-09-19,Brasil
2.725,2012-09-26,Brasil
2.72,2012-10-03,Brasil
2.73,2012-10-10,Brasil
2.734,2012-10-17,Brasil
2.7319999999999998,2012-10-24,Brasil
2.738,2012-10-31,Brasil
2.7460000000000004,2012-11-07,Brasil
2.745,2012-11-14,Brasil
2.7460000000000004,2012-11-21,Brasil
2.748,2012-11-28,Brasil
2.75,2012-12-05,Brasil
2.7510000000000003,2012-12-12,Brasil
2.7560000000000002,2012-12-19,Brasil
2.7560000000000002,2012-12-26,Brasil
2.758,2013-01-02,Brasil
2.764,2013-01-09,Brasil
2.758,2013-01-16,Brasil
2.763,2013-01-23,Brasil
2.772,2013-01-30,Brasil
2.8810000000000002,2013-02-06,Brasil
2.89,2013-02-13,Brasil
2.889,2013-02-20,Brasil
2.889,2013-02-27,Brasil
2.889,2013-03-06,Brasil
2.89,2013-03-13,Brasil
2.886,2013-03-20,Brasil
2.878,2013-03-27,Brasil
2.88,2013-04-03,Brasil
2.875,2013-04-10,Brasil
2.8760000000000003,2013-04-17,Brasil
2.875,2013-04-24,Brasil
2.8710000000000004,2013-05-01,Brasil
2.8680000000000003,2013-05-08,Brasil
2.865,2013-05-15,Brasil
2.8560000000000003,2013-05-22,Brasil
2.853,2013-05-29,Brasil
2.852,2013-06-05,Brasil
2.852,2013-06-12,Brasil
2.844,2013-06-19,Brasil
2.844,2013-06-26,Brasil
2.842,2013-07-03,Brasil
2.838,2013-07-10,Brasil
2.839,2013-07-17,Brasil
2.84,2013-07-24,Brasil
2.835,2013-07-31,Brasil
2.83,2013-08-07,Brasil
2.8339999999999996,2013-08-14,Brasil
2.841,2013-08-21,Brasil
2.835,2013-08-28,Brasil
2.832,2013-09-04,Brasil
2.833,2013-09-11,Brasil
2.835,2013-09-18,Brasil
2.835,2013-09-25,Brasil
2.8360000000000003,2013-10-02,Brasil
2.832,2013-10-09,Brasil
2.83,2013-10-16,Brasil
2.8339999999999996,2013-10-23,Brasil
2.838,2013-10-30,Brasil
2.838,2013-11-06,Brasil
2.839,2013-11-13,Brasil
2.84,2013-11-20,Brasil
2.8489999999999998,2013-11-27,Brasil
2.9330000000000003,2013-12-04,Brasil
2.947,2013-12-11,Brasil
2.947,2013-12-18,Brasil
2.951,2013-12-25,Brasil
2.9539999999999997,2014-01-01,Brasil
2.957,2014-01-08,Brasil
2.9539999999999997,2014-01-15,Brasil
2.96,2014-01-22,Brasil
2.9560000000000004,2014-01-29,Brasil
2.955,2014-02-05,Brasil
2.9530000000000003,2014-02-12,Brasil
2.955,2014-02-19,Brasil
2.958,2014-02-26,Brasil
2.972,2014-03-05,Brasil
2.978,2014-03-12,Brasil
2.983,2014-03-19,Brasil
2.987,2014-03-26,Brasil
2.99,2014-04-02,Brasil
2.989,2014-04-09,Brasil
2.985,2014-04-16,Brasil
2.989,2014-04-23,Brasil
2.988,2014-04-30,Brasil
2.984,2014-05-07,Brasil
2.983,2014-05-14,Brasil
2.9760000000000004,2014-05-21,Brasil
2.972,2014-05-28,Brasil
2.972,2014-06-04,Brasil
2.967,2014-06-11,Brasil
2.963,2014-06-18,Brasil
2.963,2014-06-25,Brasil
2.9560000000000004,2014-07-02,Brasil
2.957,2014-07-09,Brasil
2.9560000000000004,2014-07-16,Brasil
2.958,2014-07-23,Brasil
2.955,2014-07-30,Brasil
2.9589999999999996,2014-08-06,Brasil
2.958,2014-08-13,Brasil
2.958,2014-08-20,Brasil
2.9619999999999997,2014-08-27,Brasil
2.965,2014-09-03,Brasil
2.963,2014-09-10,Brasil
2.966,2014-09-17,Brasil
2.963,2014-09-24,Brasil
2.957,2014-10-01,Brasil
2.958,2014-10-08,Brasil
2.9610000000000003,2014-10-15,Brasil
2.96,2014-10-22,Brasil
2.9610000000000003,2014-10-29,Brasil
2.966,2014-11-05,Brasil
3.012,2014-11-12,Brasil
3.028,2014-11-19,Brasil
3.03,2014-11-26,Brasil
3.032,2014-12-03,Brasil
3.032,2014-12-10,Brasil
3.03,2014-12-17,Brasil
3.034,2014-12-24,Brasil
3.029,2014-12-31,Brasil
3.0269999999999997,2015-01-07,Brasil
3.029,2015-01-14,Brasil
3.033,2015-01-21,Brasil
3.0380000000000003,2015-01-28,Brasil
3.26,2015-02-04,Brasil
3.306,2015-02-11,Brasil
3.3139999999999996,2015-02-18,Brasil
3.324,2015-02-25,Brasil
3.325,2015-03-04,Brasil
3.326,2015-03-11,Brasil
3.322,2015-03-18,Brasil
3.322,2015-03-25,Brasil
3.32,2015-04-01,Brasil
3.3110000000000004,2015-04-08,Brasil
3.3089999999999997,2015-04-15,Brasil
3.306,2015-04-22,Brasil
3.2969999999999997,2015-04-29,Brasil
3.2910000000000004,2015-05-06,Brasil
3.299,2015-05-13,Brasil
3.303,2015-05-20,Brasil
3.303,2015-05-27,Brasil
3.3,2015-06-03,Brasil
3.3,2015-06-10,Brasil
3.307,2015-06-17,Brasil
3.301,2015-06-24,Brasil
3.2960000000000003,2015-07-01,Brasil
3.2969999999999997,2015-07-08,Brasil
3.2960000000000003,2015-07-15,Brasil
3.29,2015-07-22,Brasil
3.302,2015-07-29,Brasil
3.2960000000000003,2015-08-05,Brasil
3.295,2015-08-12,Brasil
3.2710000000000004,2015-08-26,Brasil
3.273,2015-09-02,Brasil
3.2689999999999997,2015-09-09,Brasil
3.263,2015-09-16,Brasil
3.2739999999999996,2015-09-23,Brasil
3.287,2015-09-30,Brasil
3.455,2015-10-07,Brasil
3.4789999999999996,2015-10-14,Brasil
3.485,2015-10-21,Brasil
3.4930000000000003,2015-10-28,Brasil
3.517,2015-11-04,Brasil
3.575,2015-11-11,Brasil
3.585,2015-11-18,Brasil
3.605,2015-11-25,Brasil
3.625,2015-12-02,Brasil
3.625,2015-12-09,Brasil
3.628,2015-12-16,Brasil
3.636,2015-12-23,Brasil
3.635,2015-12-30,Brasil
3.654,2016-01-06,Brasil
3.677,2016-01-13,Brasil
3.682,2016-01-20,Brasil
3.694,2016-01-27,Brasil
3.702,2016-02-03,Brasil
3.708,2016-02-10,Brasil
3.7089999999999996,2016-02-17,Brasil
3.719,2016-02-24,Brasil
3.721,2016-03-02,Brasil
3.73,2016-03-09,Brasil
3.734,2016-03-16,Brasil
3.728,2016-03-23,Brasil
3.734,2016-03-30,Brasil
3.727,2016-04-06,Brasil
3.72,2016-04-13,Brasil
3.716,2016-04-20,Brasil
3.7039999999999997,2016-04-27,Brasil
3.6910000000000003,2016-05-04,Brasil
3.679,2016-05-11,Brasil
3.67,2016-05-18,Brasil
3.6660000000000004,2016-05-25,Brasil
3.656,2016-06-01,Brasil
3.659,2016-06-08,Brasil
3.6460000000000004,2016-06-15,Brasil
3.641,2016-06-22,Brasil
3.638,2016-06-29,Brasil
3.635,2016-07-06,Brasil
3.636,2016-07-13,Brasil
3.639,2016-07-20,Brasil
3.64,2016-07-27,Brasil
3.653,2016-08-03,Brasil
3.656,2016-08-10,Brasil
3.653,2016-08-17,Brasil
3.6439999999999997,2016-08-24,Brasil
3.6489999999999996,2016-08-31,Brasil
3.656,2016-09-07,Brasil
3.65,2016-09-14,Brasil
3.638,2016-09-21,Brasil
3.65,2016-09-28,Brasil
3.653,2016-10-05,Brasil
3.654,2016-10-12,Brasil
3.6710000000000003,2016-10-19,Brasil
3.6689999999999996,2016-10-26,Brasil
3.676,2016-11-02,Brasil
3.681,2016-11-09,Brasil
3.675,2016-11-16,Brasil
3.665,2016-11-23,Brasil
3.655,2016-11-30,Brasil
3.6910000000000003,2016-12-07,Brasil
3.742,2016-12-14,Brasil
3.759,2016-12-21,Brasil
3.755,2016-12-28,Brasil
3.762,2017-01-04,Brasil
3.773,2017-01-11,Brasil
3.7739999999999996,2017-01-18,Brasil
3.765,2017-01-25,Brasil
3.766,2017-02-01,Brasil
3.7539999999999996,2017-02-08,Brasil
3.758,2017-02-15,Brasil
3.7489999999999997,2017-02-22,Brasil
3.7319999999999998,2017-03-01,Brasil
3.701,2017-03-08,Brasil
3.678,2017-03-15,Brasil
3.668,2017-03-22,Brasil
3.67,2017-03-29,Brasil
3.647,2017-04-05,Brasil
3.639,2017-04-12,Brasil
3.6289999999999996,2017-04-19,Brasil
3.6260000000000003,2017-04-26,Brasil
3.6310000000000002,2017-05-03,Brasil
3.633,2017-05-10,Brasil
3.6210000000000004,2017-05-17,Brasil
3.6060000000000003,2017-05-24,Brasil
3.59,2017-05-31,Brasil
3.572,2017-06-07,Brasil
3.5610000000000004,2017-06-14,Brasil
3.542,2017-06-21,Brasil
3.51,2017-06-28,Brasil
3.489,2017-07-05,Brasil
3.485,2017-07-12,Brasil
3.464,2017-07-19,Brasil
3.7489999999999997,2017-07-26,Brasil
3.763,2017-08-02,Brasil
3.758,2017-08-09,Brasil
3.762,2017-08-16,Brasil
3.773,2017-08-23,Brasil
3.778,2017-08-30,Brasil
3.85,2017-09-06,Brasil
3.872,2017-09-13,Brasil
3.8789999999999996,2017-09-20,Brasil
3.884,2017-09-27,Brasil
3.887,2017-10-04,Brasil
3.8819999999999997,2017-10-11,Brasil
3.886,2017-10-18,Brasil
3.878,2017-10-25,Brasil
3.8819999999999997,2017-11-01,Brasil
3.938,2017-11-08,Brasil
3.966,2017-11-15,Brasil
4.023,2017-11-22,Brasil
4.051,2017-11-29,Brasil
4.052,2017-12-06,Brasil
4.053,2017-12-13,Brasil
4.0889999999999995,2017-12-20,Brasil
4.099,2017-12-27,Brasil
4.151,2018-01-03,Brasil
4.183,2018-01-10,Brasil
4.194,2018-01-17,Brasil
4.198,2018-01-24,Brasil
4.221,2018-01-31,Brasil
4.212,2018-02-07,Brasil
4.212,2018-02-14,Brasil
4.209,2018-02-21,Brasil
4.1930000000000005,2018-02-28,Brasil
4.189,2018-03-07,Brasil
4.205,2018-03-14,Brasil
4.198,2018-03-21,Brasil
4.2,2018-03-28,Brasil
4.208,2018-04-04,Brasil
4.208,2018-04-11,Brasil
4.215,2018-04-18,Brasil
4.226,2018-04-25,Brasil
4.225,2018-05-02,Brasil
4.257,2018-05-09,Brasil
4.284,2018-05-16,Brasil
4.435,2018-05-23,Brasil
4.614,2018-05-30,Brasil
4.603,2018-06-06,Brasil
4.572,2018-06-13,Brasil
4.538,2018-06-20,Brasil
4.498,2018-06-27,Brasil
4.495,2018-07-04,Brasil
4.494,2018-07-11,Brasil
4.5,2018-07-18,Brasil
4.489,2018-07-25,Brasil
4.473,2018-08-01,Brasil
4.461,2018-08-08,Brasil
4.44,2018-08-15,Brasil
4.428999999999999,2018-08-22,Brasil
4.446000000000001,2018-08-29,Brasil
4.525,2018-09-05,Brasil
4.628,2018-09-12,Brasil
4.652,2018-09-19,Brasil
4.696000000000001,2018-09-26,Brasil
4.7,2018-10-03,Brasil
4.7219999999999995,2018-10-10,Brasil
4.725,2018-10-17,Brasil
4.723,2018-10-24,Brasil
4.709,2018-10-31,Brasil
4.658,2018-11-07,Brasil
4.614,2018-11-14,Brasil
4.553999999999999,2018-11-21,Brasil
4.505,2018-11-28,Brasil
4.402,2018-12-05,Brasil
4.365,2018-12-12,Brasil
4.349,2018-12-19,Brasil
4.343999999999999,2018-12-26,Brasil
4.33,2019-01-02,Brasil
4.297,2019-01-09,Brasil
4.258,2019-01-16,Brasil
4.245,2019-01-23,Brasil
4.212,2019-01-30,Brasil
4.197,2019-02-06,Brasil
4.173,2019-02-13,Brasil
4.172,2019-02-20,Brasil
4.218,2019-02-27,Brasil
4.243,2019-03-06,Brasil
4.294,2019-03-13,Brasil
4.319,2019-03-20,Brasil
4.362,2019-03-27,Brasil
4.3580000000000005,2019-04-03,Brasil
4.402,2019-04-10,Brasil
4.428,2019-04-17,Brasil
4.504,2019-04-24,Brasil
4.505,2019-05-01,Brasil
4.566,2019-05-08,Brasil
4.558,2019-05-15,Brasil
4.55,2019-05-22,Brasil
4.5489999999999995,2019-05-29,Brasil
4.52,2019-06-05,Brasil
4.4830000000000005,2019-06-12,Brasil
4.445,2019-06-19,Brasil
4.425,2019-06-26,Brasil
4.399,2019-07-03,Brasil
4.378,2019-07-10,Brasil
4.338,2019-07-17,Brasil
4.324,2019-07-24,Brasil
4.312,2019-07-31,Brasil
4.319,2019-08-07,Brasil
4.3260000000000005,2019-08-14,Brasil
4.32,2019-08-21,Brasil
4.303,2019-08-28,Brasil
4.298,2019-09-04,Brasil
4.31,2019-09-11,Brasil
4.317,2019-09-18,Brasil
4.368,2019-09-25,Brasil
4.373,2019-10-02,Brasil
4.382,2019-10-09,Brasil
4.379,2019-10-16,Brasil
4.378,2019-10-23,Brasil
4.386,2019-10-30,Brasil
4.402,2019-11-06,Brasil
4.407,2019-11-13,Brasil
4.413,2019-11-20,Brasil
4.428,2019-11-27,Brasil
4.489,2019-12-04,Brasil
4.521,2019-12-11,Brasil
4.553999999999999,2019-12-18,Brasil
4.555,2019-12-25,Brasil
4.558,2020-01-01,Brasil
4.558,2020-01-08,Brasil
4.586,2020-01-15,Brasil
4.593999999999999,2020-01-22,Brasil
4.58,2020-01-29,Brasil
4.578,2020-02-05,Brasil
4.55,2020-02-12,Brasil
4.537,2020-02-19,Brasil
4.535,2020-02-26,Brasil
1.9809999999999999,2004-05-12,Minas Gerais
1.9780000000000002,2004-05-19,Minas Gerais
1.98,2004-05-26,Minas Gerais
1.995,2004-06-02,Minas Gerais
2.005,2004-06-09,Minas Gerais
2.032,2004-06-16,Minas Gerais
2.104,2004-06-23,Minas Gerais
2.102,2004-06-30,Minas Gerais
2.104,2004-07-07,Minas Gerais
2.103,2004-07-14,Minas Gerais
2.102,2004-07-21,Minas Gerais
2.102,2004-07-28,Minas Gerais
2.1109999999999998,2004-08-04,Minas Gerais
2.122,2004-08-11,Minas Gerais
2.126,2004-08-18,Minas Gerais
2.127,2004-08-25,Minas Gerais
2.126,2004-09-01,Minas Gerais
2.126,2004-09-08,Minas Gerais
2.131,2004-09-15,Minas Gerais
2.128,2004-09-22,Minas Gerais
2.126,2004-09-29,Minas Gerais
2.129,2004-10-06,Minas Gerais
2.136,2004-10-13,Minas Gerais
2.1830000000000003,2004-10-20,Minas Gerais
2.18,2004-10-27,Minas Gerais
2.115,2004-11-03,Minas Gerais
2.13,2004-11-10,Minas Gerais
2.135,2004-11-17,Minas Gerais
2.1390000000000002,2004-11-24,Minas Gerais
2.224,2004-12-01,Minas Gerais
2.2119999999999997,2004-12-08,Minas Gerais
2.2119999999999997,2004-12-15,Minas Gerais
2.22,2004-12-22,Minas Gerais
2.224,2004-12-29,Minas Gerais
2.219,2005-01-05,Minas Gerais
2.221,2005-01-12,Minas Gerais
2.2159999999999997,2005-01-19,Minas Gerais
2.215,2005-01-26,Minas Gerais
2.208,2005-02-02,Minas Gerais
2.2119999999999997,2005-02-09,Minas Gerais
2.209,2005-02-16,Minas Gerais
2.209,2005-02-23,Minas Gerais
2.2,2005-03-02,Minas Gerais
2.2119999999999997,2005-03-09,Minas Gerais
2.209,2005-03-16,Minas Gerais
2.237,2005-03-23,Minas Gerais
2.2359999999999998,2005-03-30,Minas Gerais
2.237,2005-04-06,Minas Gerais
2.2319999999999998,2005-04-13,Minas Gerais
2.231,2005-04-20,Minas Gerais
2.2159999999999997,2005-04-27,Minas Gerais
2.222,2005-05-04,Minas Gerais
2.197,2005-05-11,Minas Gerais
2.202,2005-05-18,Minas Gerais
2.17,2005-05-25,Minas Gerais
2.174,2005-06-01,Minas Gerais
2.157,2005-06-08,Minas Gerais
2.168,2005-06-15,Minas Gerais
2.149,2005-06-22,Minas Gerais
2.156,2005-06-29,Minas Gerais
2.164,2005-07-06,Minas Gerais
2.1919999999999997,2005-07-13,Minas Gerais
2.19,2005-07-20,Minas Gerais
2.197,2005-07-27,Minas Gerais
2.191,2005-08-03,Minas Gerais
2.198,2005-08-10,Minas Gerais
2.195,2005-08-31,Minas Gerais
2.1830000000000003,2005-09-07,Minas Gerais
2.347,2005-09-14,Minas Gerais
2.353,2005-09-21,Minas Gerais
2.3409999999999997,2005-09-28,Minas Gerais
2.376,2005-10-05,Minas Gerais
2.387,2005-10-12,Minas Gerais
2.388,2005-10-19,Minas Gerais
2.3819999999999997,2005-10-26,Minas Gerais
2.385,2005-11-02,Minas Gerais
2.385,2005-11-09,Minas Gerais
2.391,2005-11-16,Minas Gerais
2.387,2005-11-23,Minas Gerais
2.381,2005-11-30,Minas Gerais
2.391,2005-12-07,Minas Gerais
2.395,2005-12-14,Minas Gerais
2.398,2005-12-21,Minas Gerais
2.401,2005-12-28,Minas Gerais
2.417,2006-01-04,Minas Gerais
2.468,2006-01-11,Minas Gerais
2.469,2006-01-18,Minas Gerais
2.4659999999999997,2006-01-25,Minas Gerais
2.461,2006-02-01,Minas Gerais
2.469,2006-02-08,Minas Gerais
2.47,2006-02-15,Minas Gerais
2.468,2006-02-22,Minas Gerais
2.488,2006-03-01,Minas Gerais
2.53,2006-03-08,Minas Gerais
2.531,2006-03-15,Minas Gerais
2.531,2006-03-22,Minas Gerais
2.526,2006-03-29,Minas Gerais
2.516,2006-04-05,Minas Gerais
2.523,2006-04-12,Minas Gerais
2.52,2006-04-19,Minas Gerais
2.52,2006-04-26,Minas Gerais
2.523,2006-05-03,Minas Gerais
2.524,2006-05-10,Minas Gerais
2.516,2006-05-17,Minas Gerais
2.5069999999999997,2006-05-24,Minas Gerais
2.4930000000000003,2006-05-31,Minas Gerais
2.484,2006-06-07,Minas Gerais
2.481,2006-06-14,Minas Gerais
2.479,2006-06-21,Minas Gerais
2.485,2006-06-28,Minas Gerais
2.495,2006-07-05,Minas Gerais
2.487,2006-07-12,Minas Gerais
2.505,2006-07-19,Minas Gerais
2.499,2006-07-26,Minas Gerais
2.495,2006-08-02,Minas Gerais
2.49,2006-08-09,Minas Gerais
2.49,2006-08-16,Minas Gerais
2.489,2006-08-23,Minas Gerais
2.4859999999999998,2006-08-30,Minas Gerais
2.492,2006-09-06,Minas Gerais
2.495,2006-09-13,Minas Gerais
2.494,2006-09-20,Minas Gerais
2.492,2006-09-27,Minas Gerais
2.489,2006-10-04,Minas Gerais
2.4859999999999998,2006-10-11,Minas Gerais
2.484,2006-10-18,Minas Gerais
2.4730000000000003,2006-10-25,Minas Gerais
2.47,2006-11-01,Minas Gerais
2.467,2006-11-08,Minas Gerais
2.467,2006-11-15,Minas Gerais
2.464,2006-11-22,Minas Gerais
2.454,2006-11-29,Minas Gerais
2.4730000000000003,2006-12-06,Minas Gerais
2.461,2006-12-13,Minas Gerais
2.461,2006-12-20,Minas Gerais
2.474,2006-12-27,Minas Gerais
2.4730000000000003,2007-01-03,Minas Gerais
2.471,2007-01-10,Minas Gerais
2.469,2007-01-17,Minas Gerais
2.469,2007-01-24,Minas Gerais
2.461,2007-01-31,Minas Gerais
2.452,2007-02-07,Minas Gerais
2.447,2007-02-14,Minas Gerais
2.448,2007-02-21,Minas Gerais
2.4419999999999997,2007-02-28,Minas Gerais
2.443,2007-03-07,Minas Gerais
2.515,2007-03-14,Minas Gerais
2.512,2007-03-21,Minas Gerais
2.503,2007-03-28,Minas Gerais
2.498,2007-04-04,Minas Gerais
2.505,2007-04-11,Minas Gerais
2.512,2007-04-18,Minas Gerais
2.51,2007-04-25,Minas Gerais
2.511,2007-05-02,Minas Gerais
2.509,2007-05-09,Minas Gerais
2.503,2007-05-16,Minas Gerais
2.496,2007-05-23,Minas Gerais
2.494,2007-05-30,Minas Gerais
2.487,2007-06-06,Minas Gerais
2.472,2007-06-13,Minas Gerais
2.4619999999999997,2007-06-20,Minas Gerais
2.451,2007-06-27,Minas Gerais
2.457,2007-07-04,Minas Gerais
2.45,2007-07-11,Minas Gerais
2.443,2007-07-18,Minas Gerais
2.434,2007-07-25,Minas Gerais
2.4330000000000003,2007-08-01,Minas Gerais
2.437,2007-08-08,Minas Gerais
2.4659999999999997,2007-08-15,Minas Gerais
2.443,2007-08-22,Minas Gerais
2.425,2007-08-29,Minas Gerais
2.418,2007-09-05,Minas Gerais
2.408,2007-09-12,Minas Gerais
2.41,2007-09-19,Minas Gerais
2.41,2007-09-26,Minas Gerais
2.41,2007-10-03,Minas Gerais
2.407,2007-10-10,Minas Gerais
2.4090000000000003,2007-10-17,Minas Gerais
2.4090000000000003,2007-10-24,Minas Gerais
2.406,2007-10-31,Minas Gerais
2.41,2007-11-07,Minas Gerais
2.436,2007-11-14,Minas Gerais
2.471,2007-11-21,Minas Gerais
2.474,2007-11-28,Minas Gerais
2.471,2007-12-05,Minas Gerais
2.477,2007-12-12,Minas Gerais
2.469,2007-12-19,Minas Gerais
2.472,2007-12-26,Minas Gerais
2.476,2008-01-02,Minas Gerais
2.474,2008-01-09,Minas Gerais
2.467,2008-01-16,Minas Gerais
2.464,2008-01-23,Minas Gerais
2.4619999999999997,2008-01-30,Minas Gerais
2.457,2008-02-06,Minas Gerais
2.454,2008-02-13,Minas Gerais
2.451,2008-02-20,Minas Gerais
2.45,2008-02-27,Minas Gerais
2.454,2008-03-05,Minas Gerais
2.455,2008-03-12,Minas Gerais
2.471,2008-03-19,Minas Gerais
2.47,2008-03-26,Minas Gerais
2.4659999999999997,2008-04-02,Minas Gerais
2.46,2008-04-09,Minas Gerais
2.451,2008-04-16,Minas Gerais
2.443,2008-04-23,Minas Gerais
2.438,2008-04-30,Minas Gerais
2.441,2008-05-07,Minas Gerais
2.4459999999999997,2008-05-14,Minas Gerais
2.4459999999999997,2008-05-21,Minas Gerais
2.445,2008-05-28,Minas Gerais
2.443,2008-06-04,Minas Gerais
2.4419999999999997,2008-06-11,Minas Gerais
2.434,2008-06-18,Minas Gerais
2.4290000000000003,2008-06-25,Minas Gerais
2.428,2008-07-02,Minas Gerais
2.423,2008-07-09,Minas Gerais
2.42,2008-07-16,Minas Gerais
2.426,2008-07-23,Minas Gerais
2.426,2008-07-30,Minas Gerais
2.432,2008-08-06,Minas Gerais
2.4330000000000003,2008-08-13,Minas Gerais
2.43,2008-08-20,Minas Gerais
2.4290000000000003,2008-08-27,Minas Gerais
2.451,2008-09-03,Minas Gerais
2.451,2008-09-10,Minas Gerais
2.4530000000000003,2008-09-17,Minas Gerais
2.461,2008-09-24,Minas Gerais
2.454,2008-10-01,Minas Gerais
2.451,2008-10-08,Minas Gerais
2.463,2008-10-15,Minas Gerais
2.4530000000000003,2008-10-22,Minas Gerais
2.452,2008-10-29,Minas Gerais
2.456,2008-11-05,Minas Gerais
2.455,2008-11-12,Minas Gerais
2.451,2008-11-19,Minas Gerais
2.452,2008-11-26,Minas Gerais
2.454,2008-12-03,Minas Gerais
2.451,2008-12-10,Minas Gerais
2.451,2008-12-17,Minas Gerais
2.454,2008-12-24,Minas Gerais
2.459,2008-12-31,Minas Gerais
2.452,2009-01-07,Minas Gerais
2.452,2009-01-14,Minas Gerais
2.451,2009-01-21,Minas Gerais
2.454,2009-01-28,Minas Gerais
2.457,2009-02-04,Minas Gerais
2.4419999999999997,2009-02-11,Minas Gerais
2.445,2009-02-18,Minas Gerais
2.4419999999999997,2009-02-25,Minas Gerais
2.434,2009-03-04,Minas Gerais
2.437,2009-03-11,Minas Gerais
2.451,2009-03-18,Minas Gerais
2.447,2009-03-25,Minas Gerais
2.441,2009-04-01,Minas Gerais
2.435,2009-04-08,Minas Gerais
2.428,2009-04-15,Minas Gerais
2.4330000000000003,2009-04-22,Minas Gerais
2.431,2009-04-29,Minas Gerais
2.424,2009-05-06,Minas Gerais
2.424,2009-05-13,Minas Gerais
2.4219999999999997,2009-05-20,Minas Gerais
2.4130000000000003,2009-05-27,Minas Gerais
2.416,2009-06-03,Minas Gerais
2.415,2009-06-10,Minas Gerais
2.405,2009-06-17,Minas Gerais
2.401,2009-06-24,Minas Gerais
2.406,2009-07-01,Minas Gerais
2.4130000000000003,2009-07-08,Minas Gerais
2.4130000000000003,2009-07-15,Minas Gerais
2.428,2009-07-22,Minas Gerais
2.432,2009-07-29,Minas Gerais
2.43,2009-08-05,Minas Gerais
2.432,2009-08-12,Minas Gerais
2.358,2009-09-02,Minas Gerais
2.364,2009-09-09,Minas Gerais
2.3819999999999997,2009-09-16,Minas Gerais
2.39,2009-09-23,Minas Gerais
2.405,2009-09-30,Minas Gerais
2.444,2009-10-07,Minas Gerais
2.45,2009-10-14,Minas Gerais
2.4619999999999997,2009-10-21,Minas Gerais
2.484,2009-10-28,Minas Gerais
2.476,2009-11-04,Minas Gerais
2.49,2009-11-11,Minas Gerais
2.506,2009-11-18,Minas Gerais
2.502,2009-11-25,Minas Gerais
2.503,2009-12-02,Minas Gerais
2.502,2009-12-09,Minas Gerais
2.498,2009-12-16,Minas Gerais
2.491,2009-12-23,Minas Gerais
2.498,2009-12-30,Minas Gerais
2.51,2010-01-06,Minas Gerais
2.524,2010-01-13,Minas Gerais
2.536,2010-01-20,Minas Gerais
2.531,2010-01-27,Minas Gerais
2.552,2010-02-03,Minas Gerais
2.5580000000000003,2010-02-10,Minas Gerais
2.5639999999999996,2010-02-17,Minas Gerais
2.551,2010-02-24,Minas Gerais
2.557,2010-03-03,Minas Gerais
2.54,2010-03-10,Minas Gerais
2.535,2010-03-17,Minas Gerais
2.519,2010-03-24,Minas Gerais
2.509,2010-03-31,Minas Gerais
2.498,2010-04-07,Minas Gerais
2.505,2010-04-14,Minas Gerais
2.495,2010-04-21,Minas Gerais
2.492,2010-04-28,Minas Gerais
2.4930000000000003,2010-05-05,Minas Gerais
2.501,2010-05-12,Minas Gerais
2.488,2010-05-19,Minas Gerais
2.498,2010-05-26,Minas Gerais
2.488,2010-06-02,Minas Gerais
2.488,2010-06-09,Minas Gerais
2.471,2010-06-16,Minas Gerais
2.475,2010-06-23,Minas Gerais
2.483,2010-06-30,Minas Gerais
2.499,2010-07-07,Minas Gerais
2.4930000000000003,2010-07-14,Minas Gerais
2.504,2010-07-21,Minas Gerais
2.494,2010-07-28,Minas Gerais
2.505,2010-08-04,Minas Gerais
2.498,2010-08-11,Minas Gerais
2.5,2010-08-18,Minas Gerais
2.503,2010-08-25,Minas Gerais
2.496,2010-09-01,Minas Gerais
2.499,2010-09-08,Minas Gerais
2.501,2010-09-15,Minas Gerais
2.499,2010-09-22,Minas Gerais
2.5,2010-09-29,Minas Gerais
2.5069999999999997,2010-10-06,Minas Gerais
2.524,2010-10-13,Minas Gerais
2.523,2010-10-20,Minas Gerais
2.532,2010-10-27,Minas Gerais
2.532,2010-11-03,Minas Gerais
2.533,2010-11-10,Minas Gerais
2.536,2010-11-17,Minas Gerais
2.533,2010-11-24,Minas Gerais
2.5340000000000003,2010-12-01,Minas Gerais
2.536,2010-12-08,Minas Gerais
2.544,2010-12-15,Minas Gerais
2.557,2010-12-22,Minas Gerais
2.559,2010-12-29,Minas Gerais
2.5660000000000003,2011-01-05,Minas Gerais
2.583,2011-01-12,Minas Gerais
2.595,2011-01-19,Minas Gerais
2.5980000000000003,2011-01-26,Minas Gerais
2.602,2011-02-02,Minas Gerais
2.613,2011-02-09,Minas Gerais
2.6180000000000003,2011-02-16,Minas Gerais
2.6260000000000003,2011-02-23,Minas Gerais
2.641,2011-03-02,Minas Gerais
2.641,2011-03-09,Minas Gerais
2.6630000000000003,2011-03-16,Minas Gerais
2.682,2011-03-23,Minas Gerais
2.7319999999999998,2011-03-30,Minas Gerais
2.807,2011-04-06,Minas Gerais
2.84,2011-04-13,Minas Gerais
2.888,2011-04-20,Minas Gerais
2.928,2011-04-27,Minas Gerais
2.964,2011-05-04,Minas Gerais
2.95,2011-05-11,Minas Gerais
2.9210000000000003,2011-05-18,Minas Gerais
2.889,2011-05-25,Minas Gerais
2.853,2011-06-01,Minas Gerais
2.835,2011-06-08,Minas Gerais
2.822,2011-06-15,Minas Gerais
2.8089999999999997,2011-06-22,Minas Gerais
2.818,2011-06-29,Minas Gerais
2.8110000000000004,2011-07-06,Minas Gerais
2.8089999999999997,2011-07-13,Minas Gerais
2.807,2011-07-20,Minas Gerais
2.802,2011-07-27,Minas Gerais
2.7960000000000003,2011-08-03,Minas Gerais
2.801,2011-08-10,Minas Gerais
2.8139999999999996,2011-08-17,Minas Gerais
2.8369999999999997,2011-08-24,Minas Gerais
2.8510000000000004,2011-08-31,Minas Gerais
2.8569999999999998,2011-09-07,Minas Gerais
2.843,2011-09-14,Minas Gerais
2.839,2011-09-21,Minas Gerais
2.83,2011-09-28,Minas Gerais
2.8480000000000003,2011-10-05,Minas Gerais
2.84,2011-10-12,Minas Gerais
2.842,2011-10-19,Minas Gerais
2.8360000000000003,2011-10-26,Minas Gerais
2.83,2011-11-02,Minas Gerais
2.8289999999999997,2011-11-09,Minas Gerais
2.8310000000000004,2011-11-16,Minas Gerais
2.8360000000000003,2011-11-23,Minas Gerais
2.827,2011-11-30,Minas Gerais
2.83,2011-12-07,Minas Gerais
2.839,2011-12-14,Minas Gerais
2.84,2011-12-21,Minas Gerais
2.835,2011-12-28,Minas Gerais
2.8280000000000003,2012-01-04,Minas Gerais
2.8310000000000004,2012-01-11,Minas Gerais
2.825,2012-01-18,Minas Gerais
2.821,2012-01-25,Minas Gerais
2.8169999999999997,2012-02-01,Minas Gerais
2.8110000000000004,2012-02-08,Minas Gerais
2.82,2012-02-15,Minas Gerais
2.823,2012-02-22,Minas Gerais
2.821,2012-02-29,Minas Gerais
2.813,2012-03-07,Minas Gerais
2.819,2012-03-14,Minas Gerais
2.813,2012-03-21,Minas Gerais
2.824,2012-03-28,Minas Gerais
2.825,2012-04-04,Minas Gerais
2.823,2012-04-11,Minas Gerais
2.823,2012-04-18,Minas Gerais
2.821,2012-04-25,Minas Gerais
2.8160000000000003,2012-05-02,Minas Gerais
2.8080000000000003,2012-05-09,Minas Gerais
2.806,2012-05-16,Minas Gerais
2.803,2012-05-23,Minas Gerais
2.801,2012-05-30,Minas Gerais
2.801,2012-06-06,Minas Gerais
2.804,2012-06-13,Minas Gerais
2.8160000000000003,2012-06-20,Minas Gerais
2.805,2012-06-27,Minas Gerais
2.806,2012-07-04,Minas Gerais
2.798,2012-07-11,Minas Gerais
2.812,2012-07-18,Minas Gerais
2.799,2012-07-25,Minas Gerais
2.801,2012-08-01,Minas Gerais
2.798,2012-08-08,Minas Gerais
2.805,2012-08-15,Minas Gerais
2.805,2012-08-22,Minas Gerais
2.7939999999999996,2012-08-29,Minas Gerais
2.798,2012-09-05,Minas Gerais
2.7880000000000003,2012-09-12,Minas Gerais
2.792,2012-09-19,Minas Gerais
2.79,2012-09-26,Minas Gerais
2.783,2012-10-03,Minas Gerais
2.8110000000000004,2012-10-10,Minas Gerais
2.799,2012-10-17,Minas Gerais
2.819,2012-10-24,Minas Gerais
2.805,2012-10-31,Minas Gerais
2.823,2012-11-07,Minas Gerais
2.8089999999999997,2012-11-14,Minas Gerais
2.823,2012-11-21,Minas Gerais
2.815,2012-11-28,Minas Gerais
2.823,2012-12-05,Minas Gerais
2.8169999999999997,2012-12-12,Minas Gerais
2.823,2012-12-19,Minas Gerais
2.823,2012-12-26,Minas Gerais
2.83,2013-01-02,Minas Gerais
2.821,2013-01-09,Minas Gerais
2.8289999999999997,2013-01-16,Minas Gerais
2.818,2013-01-23,Minas Gerais
2.8310000000000004,2013-01-30,Minas Gerais
2.911,2013-02-06,Minas Gerais
2.9389999999999996,2013-02-13,Minas Gerais
2.9210000000000003,2013-02-20,Minas Gerais
2.92,2013-02-27,Minas Gerais
2.9010000000000002,2013-03-06,Minas Gerais
2.929,2013-03-13,Minas Gerais
2.918,2013-03-20,Minas Gerais
2.918,2013-03-27,Minas Gerais
2.91,2013-04-03,Minas Gerais
2.9219999999999997,2013-04-10,Minas Gerais
2.906,2013-04-17,Minas Gerais
2.917,2013-04-24,Minas Gerais
2.905,2013-05-01,Minas Gerais
2.912,2013-05-08,Minas Gerais
2.9,2013-05-15,Minas Gerais
2.906,2013-05-22,Minas Gerais
2.9010000000000002,2013-05-29,Minas Gerais
2.903,2013-06-05,Minas Gerais
2.904,2013-06-12,Minas Gerais
2.8989999999999996,2013-06-19,Minas Gerais
2.905,2013-06-26,Minas Gerais
2.887,2013-07-03,Minas Gerais
2.891,2013-07-10,Minas Gerais
2.8789999999999996,2013-07-17,Minas Gerais
2.8819999999999997,2013-07-24,Minas Gerais
2.8760000000000003,2013-07-31,Minas Gerais
2.877,2013-08-07,Minas Gerais
2.875,2013-08-14,Minas Gerais
2.877,2013-08-21,Minas Gerais
2.8710000000000004,2013-08-28,Minas Gerais
2.8760000000000003,2013-09-04,Minas Gerais
2.867,2013-09-11,Minas Gerais
2.87,2013-09-18,Minas Gerais
2.866,2013-09-25,Minas Gerais
2.8689999999999998,2013-10-02,Minas Gerais
2.859,2013-10-09,Minas Gerais
2.86,2013-10-16,Minas Gerais
2.855,2013-10-23,Minas Gerais
2.858,2013-10-30,Minas Gerais
2.8569999999999998,2013-11-06,Minas Gerais
2.86,2013-11-13,Minas Gerais
2.858,2013-11-20,Minas Gerais
2.864,2013-11-27,Minas Gerais
2.94,2013-12-04,Minas Gerais
2.955,2013-12-11,Minas Gerais
2.96,2013-12-18,Minas Gerais
2.97,2013-12-25,Minas Gerais
2.967,2014-01-01,Minas Gerais
2.972,2014-01-08,Minas Gerais
2.972,2014-01-15,Minas Gerais
2.983,2014-01-22,Minas Gerais
2.983,2014-01-29,Minas Gerais
2.9810000000000003,2014-02-05,Minas Gerais
2.96,2014-02-12,Minas Gerais
2.958,2014-02-19,Minas Gerais
2.9560000000000004,2014-02-26,Minas Gerais
2.977,2014-03-05,Minas Gerais
2.985,2014-03-12,Minas Gerais
2.9939999999999998,2014-03-19,Minas Gerais
2.99,2014-03-26,Minas Gerais
2.992,2014-04-02,Minas Gerais
2.991,2014-04-09,Minas Gerais
2.987,2014-04-16,Minas Gerais
2.985,2014-04-23,Minas Gerais
2.986,2014-04-30,Minas Gerais
2.9819999999999998,2014-05-07,Minas Gerais
2.9819999999999998,2014-05-14,Minas Gerais
2.977,2014-05-21,Minas Gerais
2.9730000000000003,2014-05-28,Minas Gerais
2.9619999999999997,2014-06-04,Minas Gerais
2.9560000000000004,2014-06-11,Minas Gerais
2.947,2014-06-18,Minas Gerais
2.943,2014-06-25,Minas Gerais
2.95,2014-07-02,Minas Gerais
2.9739999999999998,2014-07-09,Minas Gerais
2.972,2014-07-16,Minas Gerais
2.971,2014-07-23,Minas Gerais
2.9760000000000004,2014-07-30,Minas Gerais
2.97,2014-08-06,Minas Gerais
2.967,2014-08-13,Minas Gerais
2.966,2014-08-20,Minas Gerais
2.963,2014-08-27,Minas Gerais
2.966,2014-09-03,Minas Gerais
2.964,2014-09-10,Minas Gerais
2.968,2014-09-17,Minas Gerais
2.963,2014-09-24,Minas Gerais
2.9589999999999996,2014-10-01,Minas Gerais
2.95,2014-10-08,Minas Gerais
2.948,2014-10-15,Minas Gerais
2.945,2014-10-22,Minas Gerais
2.944,2014-10-29,Minas Gerais
2.943,2014-11-05,Minas Gerais
2.992,2014-11-12,Minas Gerais
3.015,2014-11-19,Minas Gerais
3.022,2014-11-26,Minas Gerais
3.0239999999999996,2014-12-03,Minas Gerais
3.029,2014-12-10,Minas Gerais
3.03,2014-12-17,Minas Gerais
3.03,2014-12-24,Minas Gerais
3.0260000000000002,2014-12-31,Minas Gerais
3.022,2015-01-07,Minas Gerais
3.0260000000000002,2015-01-14,Minas Gerais
3.0210000000000004,2015-01-21,Minas Gerais
3.031,2015-01-28,Minas Gerais
3.262,2015-02-04,Minas Gerais
3.295,2015-02-11,Minas Gerais
3.31,2015-02-18,Minas Gerais
3.35,2015-02-25,Minas Gerais
3.3480000000000003,2015-03-04,Minas Gerais
3.3489999999999998,2015-03-11,Minas Gerais
3.339,2015-03-18,Minas Gerais
3.366,2015-03-25,Minas Gerais
3.372,2015-04-01,Minas Gerais
3.365,2015-04-08,Minas Gerais
3.372,2015-04-15,Minas Gerais
3.386,2015-04-22,Minas Gerais
3.3739999999999997,2015-04-29,Minas Gerais
3.364,2015-05-06,Minas Gerais
3.363,2015-05-13,Minas Gerais
3.3560000000000003,2015-05-20,Minas Gerais
3.3489999999999998,2015-05-27,Minas Gerais
3.3560000000000003,2015-06-03,Minas Gerais
3.355,2015-06-10,Minas Gerais
3.373,2015-06-17,Minas Gerais
3.378,2015-06-24,Minas Gerais
3.3710000000000004,2015-07-01,Minas Gerais
3.358,2015-07-08,Minas Gerais
3.352,2015-07-15,Minas Gerais
3.342,2015-07-22,Minas Gerais
3.342,2015-07-29,Minas Gerais
3.342,2015-08-05,Minas Gerais
3.346,2015-08-12,Minas Gerais
3.2439999999999998,2015-08-26,Minas Gerais
3.252,2015-09-02,Minas Gerais
3.237,2015-09-09,Minas Gerais
3.235,2015-09-16,Minas Gerais
3.24,2015-09-23,Minas Gerais
3.267,2015-09-30,Minas Gerais
3.471,2015-10-07,Minas Gerais
3.4989999999999997,2015-10-14,Minas Gerais
3.498,2015-10-21,Minas Gerais
3.5180000000000002,2015-10-28,Minas Gerais
3.528,2015-11-04,Minas Gerais
3.572,2015-11-11,Minas Gerais
3.611,2015-11-18,Minas Gerais
3.627,2015-11-25,Minas Gerais
3.6430000000000002,2015-12-02,Minas Gerais
3.638,2015-12-09,Minas Gerais
3.641,2015-12-16,Minas Gerais
3.66,2015-12-23,Minas Gerais
3.6689999999999996,2015-12-30,Minas Gerais
3.675,2016-01-06,Minas Gerais
3.6919999999999997,2016-01-13,Minas Gerais
3.727,2016-01-20,Minas Gerais
3.734,2016-01-27,Minas Gerais
3.742,2016-02-03,Minas Gerais
3.7430000000000003,2016-02-10,Minas Gerais
3.73,2016-02-17,Minas Gerais
3.75,2016-02-24,Minas Gerais
3.7460000000000004,2016-03-02,Minas Gerais
3.737,2016-03-09,Minas Gerais
3.737,2016-03-16,Minas Gerais
3.7680000000000002,2016-03-23,Minas Gerais
3.753,2016-03-30,Minas Gerais
3.761,2016-04-06,Minas Gerais
3.753,2016-04-13,Minas Gerais
3.7230000000000003,2016-04-20,Minas Gerais
3.7230000000000003,2016-04-27,Minas Gerais
3.714,2016-05-04,Minas Gerais
3.678,2016-05-11,Minas Gerais
3.677,2016-05-18,Minas Gerais
3.6830000000000003,2016-05-25,Minas Gerais
3.656,2016-06-01,Minas Gerais
3.698,2016-06-08,Minas Gerais
3.697,2016-06-15,Minas Gerais
3.673,2016-06-22,Minas Gerais
3.6919999999999997,2016-06-29,Minas Gerais
3.699,2016-07-06,Minas Gerais
3.661,2016-07-13,Minas Gerais
3.6830000000000003,2016-07-20,Minas Gerais
3.681,2016-07-27,Minas Gerais
3.668,2016-08-03,Minas Gerais
3.685,2016-08-10,Minas Gerais
3.701,2016-08-17,Minas Gerais
3.6839999999999997,2016-08-24,Minas Gerais
3.6830000000000003,2016-08-31,Minas Gerais
3.678,2016-09-07,Minas Gerais
3.675,2016-09-14,Minas Gerais
3.6319999999999997,2016-09-21,Minas Gerais
3.6660000000000004,2016-09-28,Minas Gerais
3.688,2016-10-05,Minas Gerais
3.705,2016-10-12,Minas Gerais
3.733,2016-10-19,Minas Gerais
3.7319999999999998,2016-10-26,Minas Gerais
3.717,2016-11-02,Minas Gerais
3.748,2016-11-09,Minas Gerais
3.725,2016-11-16,Minas Gerais
3.7289999999999996,2016-11-23,Minas Gerais
3.728,2016-11-30,Minas Gerais
3.736,2016-12-07,Minas Gerais
3.784,2016-12-14,Minas Gerais
3.795,2016-12-21,Minas Gerais
3.815,2016-12-28,Minas Gerais
3.827,2017-01-04,Minas Gerais
3.847,2017-01-11,Minas Gerais
3.866,2017-01-18,Minas Gerais
3.862,2017-01-25,Minas Gerais
3.84,2017-02-01,Minas Gerais
3.8369999999999997,2017-02-08,Minas Gerais
3.825,2017-02-15,Minas Gerais
3.815,2017-02-22,Minas Gerais
3.802,2017-03-01,Minas Gerais
3.775,2017-03-08,Minas Gerais
3.752,2017-03-15,Minas Gerais
3.738,2017-03-22,Minas Gerais
3.71,2017-03-29,Minas Gerais
3.6919999999999997,2017-04-05,Minas Gerais
3.696,2017-04-12,Minas Gerais
3.7230000000000003,2017-04-19,Minas Gerais
3.6910000000000003,2017-04-26,Minas Gerais
3.715,2017-05-03,Minas Gerais
3.6910000000000003,2017-05-10,Minas Gerais
3.71,2017-05-17,Minas Gerais
3.6830000000000003,2017-05-24,Minas Gerais
3.6689999999999996,2017-05-31,Minas Gerais
3.633,2017-06-07,Minas Gerais
3.6310000000000002,2017-06-14,Minas Gerais
3.6,2017-06-21,Minas Gerais
3.5989999999999998,2017-06-28,Minas Gerais
3.588,2017-07-05,Minas Gerais
3.613,2017-07-12,Minas Gerais
3.5780000000000003,2017-07-19,Minas Gerais
3.8160000000000003,2017-07-26,Minas Gerais
3.845,2017-08-02,Minas Gerais
3.8089999999999997,2017-08-09,Minas Gerais
3.863,2017-08-16,Minas Gerais
3.815,2017-08-23,Minas Gerais
3.8689999999999998,2017-08-30,Minas Gerais
3.9189999999999996,2017-09-06,Minas Gerais
3.958,2017-09-13,Minas Gerais
3.937,2017-09-20,Minas Gerais
3.983,2017-09-27,Minas Gerais
3.9610000000000003,2017-10-04,Minas Gerais
3.984,2017-10-11,Minas Gerais
3.955,2017-10-18,Minas Gerais
3.987,2017-10-25,Minas Gerais
3.972,2017-11-01,Minas Gerais
4.013,2017-11-08,Minas Gerais
4.035,2017-11-15,Minas Gerais
4.06,2017-11-22,Minas Gerais
4.095,2017-11-29,Minas Gerais
4.093999999999999,2017-12-06,Minas Gerais
4.135,2017-12-13,Minas Gerais
4.169,2017-12-20,Minas Gerais
4.188,2017-12-27,Minas Gerais
4.325,2018-01-03,Minas Gerais
4.394,2018-01-10,Minas Gerais
4.412,2018-01-17,Minas Gerais
4.423,2018-01-24,Minas Gerais
4.421,2018-01-31,Minas Gerais
4.438,2018-02-07,Minas Gerais
4.447,2018-02-14,Minas Gerais
4.431,2018-02-21,Minas Gerais
4.422,2018-02-28,Minas Gerais
4.433,2018-03-07,Minas Gerais
4.4319999999999995,2018-03-14,Minas Gerais
4.445,2018-03-21,Minas Gerais
4.4639999999999995,2018-03-28,Minas Gerais
4.4830000000000005,2018-04-04,Minas Gerais
4.485,2018-04-11,Minas Gerais
4.486000000000001,2018-04-18,Minas Gerais
4.486000000000001,2018-04-25,Minas Gerais
4.502,2018-05-02,Minas Gerais
4.498,2018-05-09,Minas Gerais
4.524,2018-05-16,Minas Gerais
4.7010000000000005,2018-05-23,Minas Gerais
4.918,2018-05-30,Minas Gerais
4.902,2018-06-06,Minas Gerais
4.877,2018-06-13,Minas Gerais
4.851,2018-06-20,Minas Gerais
4.813,2018-06-27,Minas Gerais
4.802,2018-07-04,Minas Gerais
4.808,2018-07-11,Minas Gerais
4.796,2018-07-18,Minas Gerais
4.781000000000001,2018-07-25,Minas Gerais
4.765,2018-08-01,Minas Gerais
4.735,2018-08-08,Minas Gerais
4.723,2018-08-15,Minas Gerais
4.718999999999999,2018-08-22,Minas Gerais
4.75,2018-08-29,Minas Gerais
4.823,2018-09-05,Minas Gerais
4.914,2018-09-12,Minas Gerais
4.931,2018-09-19,Minas Gerais
4.956,2018-09-26,Minas Gerais
4.953,2018-10-03,Minas Gerais
4.9510000000000005,2018-10-10,Minas Gerais
4.959,2018-10-17,Minas Gerais
4.968999999999999,2018-10-24,Minas Gerais
4.952,2018-10-31,Minas Gerais
4.906000000000001,2018-11-07,Minas Gerais
4.868,2018-11-14,Minas Gerais
4.809,2018-11-21,Minas Gerais
4.761,2018-11-28,Minas Gerais
4.645,2018-12-05,Minas Gerais
4.623,2018-12-12,Minas Gerais
4.625,2018-12-19,Minas Gerais
4.618,2018-12-26,Minas Gerais
4.607,2019-01-02,Minas Gerais
4.582,2019-01-09,Minas Gerais
4.546,2019-01-16,Minas Gerais
4.5360000000000005,2019-01-23,Minas Gerais
4.507,2019-01-30,Minas Gerais
4.512,2019-02-06,Minas Gerais
4.468,2019-02-13,Minas Gerais
4.49,2019-02-20,Minas Gerais
4.564,2019-02-27,Minas Gerais
4.592,2019-03-06,Minas Gerais
4.6160000000000005,2019-03-13,Minas Gerais
4.6339999999999995,2019-03-20,Minas Gerais
4.645,2019-03-27,Minas Gerais
4.648,2019-04-03,Minas Gerais
4.66,2019-04-10,Minas Gerais
4.688,2019-04-17,Minas Gerais
4.794,2019-04-24,Minas Gerais
4.8069999999999995,2019-05-01,Minas Gerais
4.841,2019-05-08,Minas Gerais
4.84,2019-05-15,Minas Gerais
4.846,2019-05-22,Minas Gerais
4.833,2019-05-29,Minas Gerais
4.785,2019-06-05,Minas Gerais
4.7669999999999995,2019-06-12,Minas Gerais
4.715,2019-06-19,Minas Gerais
4.708,2019-06-26,Minas Gerais
4.67,2019-07-03,Minas Gerais
4.678,2019-07-10,Minas Gerais
4.626,2019-07-17,Minas Gerais
4.6080000000000005,2019-07-24,Minas Gerais
4.573,2019-07-31,Minas Gerais
4.591,2019-08-07,Minas Gerais
4.591,2019-08-14,Minas Gerais
4.575,2019-08-21,Minas Gerais
4.561,2019-08-28,Minas Gerais
4.552,2019-09-04,Minas Gerais
4.556,2019-09-11,Minas Gerais
4.562,2019-09-18,Minas Gerais
4.638999999999999,2019-09-25,Minas Gerais
4.6530000000000005,2019-10-02,Minas Gerais
4.678999999999999,2019-10-09,Minas Gerais
4.663,2019-10-16,Minas Gerais
4.658,2019-10-23,Minas Gerais
4.678999999999999,2019-10-30,Minas Gerais
4.688,2019-11-06,Minas Gerais
4.697,2019-11-13,Minas Gerais
4.686,2019-11-20,Minas Gerais
4.7010000000000005,2019-11-27,Minas Gerais
4.781000000000001,2019-12-04,Minas Gerais
4.77,2019-12-11,Minas Gerais
4.788,2019-12-18,Minas Gerais
4.793,2019-12-25,Minas Gerais
4.83,2020-01-01,Minas Gerais
4.803999999999999,2020-01-08,Minas Gerais
4.815,2020-01-15,Minas Gerais
4.811,2020-01-22,Minas Gerais
4.806,2020-01-29,Minas Gerais
4.822,2020-02-05,Minas Gerais
4.761,2020-02-12,Minas Gerais
4.75,2020-02-19,Minas Gerais
4.773,2020-02-26,Minas Gerais
